id,item,group,attraction_type,position,NP1,sent,NP2,main verb,sentence,question,ans1,ans2,ans3,ans4,target_ver,target_nonver,distractor_ver,distractor_nonver,condition,,,,,,,,,
01,1,A,baseline,subject,The ghost,reported that,the teacher,disappeared mysteriously after last night.,The ghost reported that the teacher disappeared mysteriously after last night.,Who disappeared?,the ghost,the ghosts,the teacher,the teachers,3,4,1,2,baseline_subject,,,,,,,,,2
02,1,B,baseline,modifier,The teacher,of,the ghost,disappeared mysteriously after last night.,The teacher of the ghost disappeared mysteriously after last night.,Who disappeared?,the teacher,the teachers,the ghost,the ghosts,1,2,3,4,baseline_modifier,,,,,,,,,4
03,1,C,semantic,subject,The student,reported that,the teacher,disappeared mysteriously after last night.,The student reported that the teacher disappeared mysteriously after last night.,Who disappeared?,the student,the students,the teacher,the teachers,3,4,1,2,semantic_subject,,,,,,,,,2
04,1,D,semantic,modifier,The teacher,of,the student,disappeared mysteriously after last night.,The teacher of the student disappeared mysteriously after last night.,Who disappeared?,the teacher,the teachers,the student,the students,1,2,3,4,semantic_modifier,,,,,,,,,4
05,1,E,morphological,subject,The ghosts,reported that,the teacher,disappeared mysteriously after last night.,The ghosts reported that the teacher disappeared mysteriously after last night.,Who disappeared?,the ghost,the ghosts,the teacher,the teachers,3,4,1,2,morphological_subject,,,,,,,,,1
06,1,F,morphological,modifier,The teacher,of,the ghosts,disappeared mysteriously after last night.,The teacher of the ghosts disappeared mysteriously after last night.,Who disappeared?,the teacher,the teachers,the ghost,the ghosts,1,2,3,4,morphological_modifier,,,,,,,,,3
07,2,B,baseline,subject,The robot,heard that,the instructor,retired just after the tournament.,The robot heard that the instructor retired just after the tournament.,Who retired?,the robot,the robots,the instructor,the instructors,3,4,1,2,baseline_subject,,,,,,,,,
08,2,C,baseline,modifier,The instructor,of,the robot,retired just after the tournament.,The instructor of the robot retired just after the tournament.,Who retired?,the instructor,the instructors,the robot,the robots,1,2,3,4,baseline_modifier,,,,,,,,,
09,2,D,semantic,subject,The trainer,heard that,the instructor,retired just after the tournament.,The trainer heard that the instructor retired just after the tournament.,Who retired?,the trainer,the trainers,the instructor,the instructors,3,4,1,2,semantic_subject,,,,,,,,,
10,2,E,semantic,modifier,The instructor,of,the trainer,retired just after the tournament.,The instructor of the trainer retired just after the tournament.,Who retired?,the instructor,the instructors,the trainer,the trainers,1,2,3,4,semantic_modifier,,,,,,,,,
11,2,F,morphological,subject,The robots,heard that,the instructor,retired just after the tournament.,The robots heard that the instructor retired just after the tournament.,Who retired?,the robot,the robots,the instructor,the instructors,3,4,1,2,morphological_subject,,,,,,,,,
12,2,A,morphological,modifier,The instructor,of,the robots,retired just after the tournament.,The instructor of the robots retired just after the tournament.,Who retired?,the instructor,the instructors,the robot,the robots,1,2,3,4,morphological_modifier,,,,,,,,,
13,3,C,baseline,subject,The angel,said that,the doctor,collapsed suddenly in the ER.,The angel said that the doctor collapsed suddenly in the ER.,Who collapsed?,the angel,the angels,the doctor,the doctors,3,4,1,2,baseline_subject,,,,,,,,,
14,3,D,baseline,modifier,The doctor,of,the angel,collapsed suddenly in the ER.,The doctor of the angel collapsed suddenly in the ER.,Who collapsed?,the doctor,the doctors,the angel,the angels,1,2,3,4,baseline_modifier,,,,,,,,,
15,3,E,semantic,subject,The nurse,said that,the doctor,collapsed suddenly in the ER.,The nurse said that the doctor collapsed suddenly in the ER.,Who collapsed?,the nurse,the nurses,the doctor,the doctors,3,4,1,2,semantic_subject,,,,,,,,,
16,3,F,semantic,modifier,The doctor,of,the nurse,collapsed suddenly in the ER.,The doctor of the nurse collapsed suddenly in the ER.,Who collapsed?,the doctor,the doctors,the nurse,the nurses,1,2,3,4,semantic_modifier,,,,,,,,,
17,3,A,morphological,subject,The angels,said that,the doctor,collapsed suddenly in the ER.,The angels said that the doctor collapsed suddenly in the ER.,Who collapsed?,the angel,the angels,the doctor,the doctors,3,4,1,2,morphological_subject,,,,,,,,,
18,3,B,morphological,modifier,The doctor,of,the angels,collapsed suddenly in the ER.,The doctor of the angels collapsed suddenly in the ER.,Who collapsed?,the doctor,the doctors,the angel,the angels,1,2,3,4,morphological_modifier,,,,,,,,,
19,4,D,baseline,subject,The dragon,testified that,the secretary,fainted often in the office.,The dragon testified that the secretary fainted often in the office.,Who fainted?,the dragon,the dragons,the secretary,the secretaries,3,4,1,2,baseline_subject,,,,,,,,,
20,4,E,baseline,modifier,The secretary,of ,the dragon,fainted often in the office.,The secretary of  the dragon fainted often in the office.,Who fainted?,the secretary,the secretaries,the dragon,the dragons,1,2,3,4,baseline_modifier,,,,,,,,,
21,4,F,semantic,subject,The assistant,testified that,the secretary,fainted often in the office.,The assistant testified that the secretary fainted often in the office.,Who fainted?,the assistant,the assistants,the secretary,the secretaries,3,4,1,2,semantic_subject,,,,,,,,,
22,4,A,semantic,modifier,The secretary,of,the assistant,fainted often in the office.,The secretary of the assistant fainted often in the office.,Who fainted?,the secretary,the secretaries,the assistant,the assistants,1,2,3,4,semantic_modifier,,,,,,,,,
23,4,B,morphological,subject,The dragons,testified that,the secretary,fainted often in the office.,The dragons testified that the secretary fainted often in the office.,Who fainted?,the dragon,the dragons,the secretary,the secretaries,3,4,1,2,morphological_subject,,,,,,,,,
24,4,C,morphological,modifier,The secretary,of ,the dragons,fainted often in the office.,The secretary of  the dragons fainted often in the office.,Who fainted?,the secretary,the secretaries,the dragon,the dragons,1,2,3,4,morphological_modifier,,,,,,,,,
25,5,E,baseline,subject,The genie,read that,the mentor,arrived in a black helicopter.,The genie read that the mentor arrived in a black helicopter.,Who arrived?,the genie,the genies,the mentor,the mentors,3,4,1,2,baseline_subject,,,,,,,,,
26,5,F,baseline,modifier,The mentor,of ,the genie,arrived in a black helicopter.,The mentor of  the genie arrived in a black helicopter.,Who arrived?,the mentor,the mentors,the genie,the genies,1,2,3,4,baseline_modifier,,,,,,,,,
27,5,A,semantic,subject,The tutor,read that,the mentor,arrived in a black helicopter.,The tutor read that the mentor arrived in a black helicopter.,Who arrived?,the tutor,the tutors,the mentor,the mentors,3,4,1,2,semantic_subject,,,,,,,,,
28,5,B,semantic,modifier,The mentor,of ,the tutor,arrived in a black helicopter.,The mentor of  the tutor arrived in a black helicopter.,Who arrived?,the mentor,the mentors,the tutor,the tutors,1,2,3,4,semantic_modifier,,,,,,,,,
29,5,C,morphological,subject,The genies,read that,the mentor,arrived in a black helicopter.,The genies read that the mentor arrived in a black helicopter.,Who arrived?,the genie,the genies,the mentor,the mentors,3,4,1,2,morphological_subject,,,,,,,,,
30,5,D,morphological,modifier,The mentor,of,the genies,arrived in a black helicopter.,The mentor of the genies arrived in a black helicopter.,Who arrived?,the mentor,the mentors,the genie,the genies,1,2,3,4,morphological_modifier,,,,,,,,,
31,6,F,baseline,subject,The spirit,argued that,the captain,sang loudly during the party.,The spirit argued that the captain sang loudly during the party.,Who sang?,the spirit,the spirits,the captain,the captains,3,4,1,2,baseline_subject,,,,,,,,,
32,6,A,baseline,modifier,The captain,of,the spirit,sang loudly during the party.,The captain of the spirit sang loudly during the party.,Who sang?,the captain,the captains,the spirit,the spirits,1,2,3,4,baseline_modifier,,,,,,,,,
33,6,B,semantic,subject,The lieutenant,argued that,the captain,sang loudly during the party.,The lieutenant argued that the captain sang loudly during the party.,Who sang?,the lieutenant,the lieutenants,the captain,the captains,3,4,1,2,semantic_subject,,,,,,,,,
34,6,C,semantic,modifier,The captain,of,the lieutenant,sang loudly during the party.,The captain of the lieutenant sang loudly during the party.,Who sang?,the captain,the captains,the lieutenant,the lieutenants,1,2,3,4,semantic_modifier,,,,,,,,,
35,6,D,morphological,subject,The spirits,argued that,the captain,sang loudly during the party.,The spirits argued that the captain sang loudly during the party.,Who sang?,the spirits,the spiritss,the captain,the captains,3,4,1,2,morphological_subject,,,,,,,,,
36,6,E,morphological,modifier,The captain,of,the spirits,sang loudly during the party.,The captain of the spirits sang loudly during the party.,Who sang?,the captain,the captains,the spirits,the spiritss,1,2,3,4,morphological_modifier,,,,,,,,,
37,7,A,baseline,subject,The zombie,predicted that,the landlord,cried for a long time.,The zombie predicted that the landlord cried for a long time.,Who cried?,the zombie,the zombies,the landlord,the landlords,3,4,1,2,baseline_subject,,,,,,,,,
38,7,B,baseline,modifier,The landlord,of,the zombie,cried for a long time.,The landlord of the zombie cried for a long time.,Who cried?,the landlord,the landlords,the zombie,the zombies,1,2,3,4,baseline_modifier,,,,,,,,,
39,7,C,semantic,subject,The tenant,predicted that,the landlord,cried for a long time.,The tenant predicted that the landlord cried for a long time.,Who cried?,the tenant,the tenants,the landlord,the landlords,3,4,1,2,semantic_subject,,,,,,,,,
40,7,D,semantic,modifier,The landlord,of,the tenant,cried for a long time.,The landlord of the tenant cried for a long time.,Who cried?,the landlord,the landlords,the tenant,the tenants,1,2,3,4,semantic_modifier,,,,,,,,,
41,7,E,morphological,subject,The zombies,predicted that,the landlord,cried for a long time.,The zombies predicted that the landlord cried for a long time.,Who cried?,the zombie,the zombies,the landlord,the landlords,3,4,1,2,morphological_subject,,,,,,,,,
42,7,F,morphological,modifier,The landlord,of,the zombies,cried for a long time.,The landlord of the zombies cried for a long time.,Who cried?,the landlord,the landlords,the zombie,the zombies,1,2,3,4,morphological_modifier,,,,,,,,,
43,8,B,baseline,subject,The vampire,stated that,the companion,left hurriedly in a cab.,The vampire stated that the companion left hurriedly in a cab.,Who left?,the vampire,the vampires,the companion,the companions,3,4,1,2,baseline_subject,,,,,,,,,
44,8,C,baseline,modifier,The companion,of,the vampire,left hurriedly in a cab.,The companion of the vampire left hurriedly in a cab.,Who left?,the companion,the companions,the vampire,the vampires,1,2,3,4,baseline_modifier,,,,,,,,,
45,8,D,semantic,subject,The guide,stated that,the companion,left hurriedly in a cab.,The guide stated that the companion left hurriedly in a cab.,Who left?,the guide,the guides,the companion,the companions,3,4,1,2,semantic_subject,,,,,,,,,
46,8,E,semantic,modifier,The companion,of,the guide,left hurriedly in a cab.,The companion of the guide left hurriedly in a cab.,Who left?,the companion,the companions,the guide,the guides,1,2,3,4,semantic_modifier,,,,,,,,,
47,8,F,morphological,subject,The vampires,stated that,the companion,left hurriedly in a cab.,The vampires stated that the companion left hurriedly in a cab.,Who left?,the vampire,the vampires,the companion,the companions,3,4,1,2,morphological_subject,,,,,,,,,
48,8,A,morphological,modifier,The companion,of,the vampires,left hurriedly in a cab.,The companion of the vampires left hurriedly in a cab.,Who left?,the companion,the companions,the vampire,the vampires,1,2,3,4,morphological_modifier,,,,,,,,,
49,9,C,baseline,subject,The cyborg,explained that,the coordinator,complained obnoxiously all the time.,The cyborg explained that the coordinator complained obnoxiously all the time.,Who complained?,the cyborg,the cyborgs,the coordinator,the coordinators,3,4,1,2,baseline_subject,,,,,,,,,
50,9,D,baseline,modifier,The coordinator,of,the cyborg,complained obnoxiously all the time.,The coordinator of the cyborg complained obnoxiously all the time.,Who complained?,the coordinator,the coordinators,the cyborg,the cyborgs,1,2,3,4,baseline_modifier,,,,,,,,,
51,9,E,semantic,subject,The curator,explained that,the coordinator,complained obnoxiously all the time.,The curator explained that the coordinator complained obnoxiously all the time.,Who complained?,the curator,the curators,the coordinator,the coordinators,3,4,1,2,semantic_subject,,,,,,,,,
52,9,F,semantic,modifier,The coordinator,of,the curator,complained obnoxiously all the time.,The coordinator of the curator complained obnoxiously all the time.,Who complained?,the coordinator,the coordinators,the curator,the curators,1,2,3,4,semantic_modifier,,,,,,,,,
53,9,A,morphological,subject,The cyborgs,explained that,the coordinator,complained obnoxiously all the time.,The cyborgs explained that the coordinator complained obnoxiously all the time.,Who complained?,the cyborg,the cyborgs,the coordinator,the coordinators,3,4,1,2,morphological_subject,,,,,,,,,
54,9,B,morphological,modifier,The coordinator,of,the cyborgs,complained obnoxiously all the time.,The coordinator of the cyborgs complained obnoxiously all the time.,Who complained?,the coordinator,the coordinators,the cyborg,the cyborgs,1,2,3,4,morphological_modifier,,,,,,,,,
55,10,D,baseline,subject,The mermaid,believed that,the customer,escaped after last night's events.,The mermaid believed that the customer escaped after last night's events.,Who escaped?,the mermaid,the mermaids,the customer,the customers,3,4,1,2,baseline_subject,,,,,,,,,
56,10,E,baseline,modifier,The customer,of,the mermaid,escaped after last night's events.,The customer of the mermaid escaped after last night's events.,Who escaped?,the customer,the customers,the mermaid,the mermaids,1,2,3,4,baseline_modifier,,,,,,,,,
57,10,F,semantic,subject,The employee,believed that,the customer,escaped after last night's events.,The employee believed that the customer escaped after last night's events.,Who escaped?,the employee,the employees,the customer,the customers,3,4,1,2,semantic_subject,,,,,,,,,
58,10,A,semantic,modifier,The customer,of,the employee,escaped after last night's events.,The customer of the employee escaped after last night's events.,Who escaped?,the customer,the customers,the employee,the employees,1,2,3,4,semantic_modifier,,,,,,,,,
59,10,B,morphological,subject,The mermaids,believed that,the customer,escaped after last night's events.,The mermaids believed that the customer escaped after last night's events.,Who escaped?,the mermaid,the mermaids,the customer,the customers,3,4,1,2,morphological_subject,,,,,,,,,
60,10,C,morphological,modifier,The customer,of,the mermaids,escaped after last night's events.,The customer of the mermaids escaped after last night's events.,Who escaped?,the customer,the customers,the mermaid,the mermaids,1,2,3,4,morphological_modifier,,,,,,,,,
61,11,E,baseline,subject,The fairy,confirmed that,the rival,walked in a weird way.,The fairy confirmed that the rival walked in a weird way.,Who walked?,the fairy,the fairies,the rival,the rivals,3,4,1,2,baseline_subject,,,,,,,,,
62,11,F,baseline,modifier,The rival,of,the fairy,walked in a weird way.,The rival of the fairy walked in a weird way.,Who walked?,the rival,the rivals,the fairy,the fairies,1,2,3,4,baseline_modifier,,,,,,,,,
63,11,A,semantic,subject,The competitor,confirmed that,the rival,walked in a weird way.,The competitor confirmed that the rival walked in a weird way.,Who walked?,the competitor,the competitors,the rival,the rivals,3,4,1,2,semantic_subject,,,,,,,,,
64,11,B,semantic,modifier,The rival,of,the competitor,walked in a weird way.,The rival of the competitor walked in a weird way.,Who walked?,the rival,the rivals,the competitor,the competitors,1,2,3,4,semantic_modifier,,,,,,,,,
65,11,C,morphological,subject,The fairies,confirmed that,the rival,walked in a weird way.,The fairies confirmed that the rival walked in a weird way.,Who walked?,the fairy,the fairies,the rival,the rivals,3,4,1,2,morphological_subject,,,,,,,,,
66,11,D,morphological,modifier,The rival,of,the fairies,walked in a weird way.,The rival of the fairies walked in a weird way.,Who walked?,the rival,the rivals,the fairy,the fairies,1,2,3,4,morphological_modifier,,,,,,,,,
67,12,F,baseline,subject,The werewolf,claimed that,the maid,laughed upon hearing the misfortune.,The werewolf claimed that the maid laughed upon hearing the misfortune.,Who laughed?,the werewolf,the werevolves,the maid,the maids,3,4,1,2,baseline_subject,,,,,,,,,
68,12,A,baseline,modifier,The maid,of,the werewolf,laughed upon hearing the misfortune.,The maid of the werewolf laughed upon hearing the misfortune.,Who laughed?,the maid,the maids,the werewolf,the werevolves,1,2,3,4,baseline_modifier,,,,,,,,,
69,12,B,semantic,subject,The servant,claimed that,the maid,laughed upon hearing the misfortune.,The servant claimed that the maid laughed upon hearing the misfortune.,Who laughed?,the servant,the servants,the maid,the maids,3,4,1,2,semantic_subject,,,,,,,,,
70,12,C,semantic,modifier,The maid,of,the servant,laughed upon hearing the misfortune.,The maid of the servant laughed upon hearing the misfortune.,Who laughed?,the maid,the maids,the servant,the servants,1,2,3,4,semantic_modifier,,,,,,,,,
71,12,D,morphological,subject,The werewolves,claimed that,the maid,laughed upon hearing the misfortune.,The werewolves claimed that the maid laughed upon hearing the misfortune.,Who laughed?,the werewolf,the warewolves,the maid,the maids,3,4,1,2,morphological_subject,,,,,,,,,
72,12,E,morphological,modifier,The maid,of,the werewolves,laughed upon hearing the misfortune.,The maid of the werewolves laughed upon hearing the misfortune.,Who laughed?,the maid,the maids,the werewolf,the warewolves,1,2,3,4,morphological_modifier,,,,,,,,,
73,13,A,baseline,subject,The android,resented that,the apprentice,succeeded easily without paying attention.,The android resented that the apprentice succeeded easily without paying attention.,Who succeeded?,the android,the androids,the apprentice,the apprentices,3,4,1,2,baseline_subject,,,,,,,,,
74,13,B,baseline,modifier,The apprentice,of,the android,succeeded easily without paying attention.,The apprentice of the android succeeded easily without paying attention.,Who succeeded?,the apprentice,the apprentices,the android,the androids,1,2,3,4,baseline_modifier,,,,,,,,,
75,13,C,semantic,subject,The protege,resented that,the apprentice,succeeded easily without paying attention.,The protege resented that the apprentice succeeded easily without paying attention.,Who succeeded?,the protege,the proteges,the apprentice,the apprentices,3,4,1,2,semantic_subject,,,,,,,,,
76,13,D,semantic,modifier,The apprentice,of,the protege,succeeded easily without paying attention.,The apprentice of the protege succeeded easily without paying attention.,Who succeeded?,the apprentice,the apprentices,the protege,the proteges,1,2,3,4,semantic_modifier,,,,,,,,,
77,13,E,morphological,subject,The androids,resented that,the apprentice,succeeded easily without paying attention.,The androids resented that the apprentice succeeded easily without paying attention.,Who succeeded?,the android,the androids,the apprentice,the apprentices,3,4,1,2,morphological_subject,,,,,,,,,
78,13,F,morphological,modifier,The apprentice,of,the androids,succeeded easily without paying attention.,The apprentice of the androids succeeded easily without paying attention.,Who succeeded?,the apprentice,the apprentices,the android,the androids,1,2,3,4,morphological_modifier,,,,,,,,,
79,14,B,baseline,subject,The computer,knew that,the ally,grinned from ear to ear.,The computer knew that the ally grinned from ear to ear.,Who grinned?,the computer,the computers,the ally,the allies,3,4,1,2,baseline_subject,,,,,,,,,
80,14,C,baseline,modifier,The ally,of,the computer,grinned from ear to ear.,The ally of the computer grinned from ear to ear.,Who grinned?,the ally,the allies,the computer,the computers,1,2,3,4,baseline_modifier,,,,,,,,,
81,14,D,semantic,subject,The enemy,knew that,the ally,grinned from ear to ear.,The enemy knew that the ally grinned from ear to ear.,Who grinned?,the enemy,the enemies,the ally,the allys,3,4,1,2,semantic_subject,,,,,,,,,
82,14,E,semantic,modifier,The ally,of,the enemy,grinned from ear to ear.,The ally of the enemy grinned from ear to ear.,Who grinned?,the ally,the allies,the enemy,the enemies,1,2,3,4,semantic_modifier,,,,,,,,,
83,14,F,morphological,subject,The computers,knew that,the ally,grinned from ear to ear.,The computers knew that the ally grinned from ear to ear.,Who grinned?,the computer,the computers,the ally,the allies,3,4,1,2,morphological_subject,,,,,,,,,
84,14,A,morphological,modifier,The ally,of,the computers,grinned from ear to ear.,The ally of the computers grinned from ear to ear.,Who grinned?,the ally,the allies,the computer,the computers,1,2,3,4,morphological_modifier,,,,,,,,,
85,15,C,baseline,subject,The alien,concluded that,the prosecutor,cheated to win the case.,The alien concluded that the prosecutor cheated to win the case.,Who cheated?,the alien,the aliens,the prosecutor,the prosecutors,3,4,1,2,baseline_subject,,,,,,,,,
86,15,D,baseline,modifier,The prosecutor,of,the alien,cheated to win the case.,The prosecutor of the alien cheated to win the case.,Who cheated?,the prosecutor,the prosecutors,the alien,the aliens,1,2,3,4,baseline_modifier,,,,,,,,,
87,15,E,semantic,subject,The defendant,concluded that,the prosecutor,cheated to win the case.,The defendant concluded that the prosecutor cheated to win the case.,Who cheated?,the defendant,the defendants,the prosecutor,the prosecutors,3,4,1,2,semantic_subject,,,,,,,,,
88,15,F,semantic,modifier,The prosecutor,of,the defendant,cheated to win the case.,The prosecutor of the defendant cheated to win the case.,Who cheated?,the prosecutor,the prosecutors,the defendant,the defendants,1,2,3,4,semantic_modifier,,,,,,,,,
89,15,A,morphological,subject,The aliens,concluded that,the prosecutor,cheated to win the case.,The aliens concluded that the prosecutor cheated to win the case.,Who cheated?,the alien,the aliens,the prosecutor,the prosecutors,3,4,1,2,morphological_subject,,,,,,,,,
90,15,B,morphological,modifier,The prosecutor,of,the aliens,cheated to win the case.,The prosecutor of the aliens cheated to win the case.,Who cheated?,the prosecutor,the prosecutors,the alien,the aliens,1,2,3,4,morphological_modifier,,,,,,,,,
91,16,D,baseline,subject,The phantom,feared that,the dentist,coughed because of the illness.,The phantom feared that the dentist coughed because of the illness.,Who coughed?,the phantom,the phantoms,the dentist,the dentists,3,4,1,2,baseline_subject,,,,,,,,,
92,16,E,baseline,modifier,The dentist,of,the phantom,coughed because of the illness.,The dentist of the phantom coughed because of the illness.,Who coughed?,the dentist,the dentists,the phantom,the phantoms,1,2,3,4,baseline_modifier,,,,,,,,,
93,16,F,semantic,subject,The physician,feared that,the dentist,coughed because of the illness.,The physician feared that the dentist coughed because of the illness.,Who coughed?,the physician,the physicians,the dentist,the dentists,3,4,1,2,semantic_subject,,,,,,,,,
94,16,A,semantic,modifier,The dentist,of,the physician,coughed because of the illness.,The dentist of the physician coughed because of the illness.,Who coughed?,the dentist,the dentists,the physician,the physicians,1,2,3,4,semantic_modifier,,,,,,,,,
95,16,B,morphological,subject,The phantoms,feared that,the dentist,coughed because of the illness.,The phantoms feared that the dentist coughed because of the illness.,Who coughed?,the phantom,the phantoms,the dentist,the dentists,3,4,1,2,morphological_subject,,,,,,,,,
96,16,C,morphological,modifier,The dentist,of,the phantoms,coughed because of the illness.,The dentist of the phantoms coughed because of the illness.,Who coughed?,the dentist,the dentists,the phantom,the phantoms,1,2,3,4,morphological_modifier,,,,,,,,,
97,17,E,baseline,subject,The mutant,promised that,the boss,waited patiently in the corner.,The mutant promised that the boss waited patiently in the corner.,Who waited?,the mutant,the mutants,the boss,the bosses,3,4,1,2,baseline_subject,,,,,,,,,
98,17,F,baseline,modifier,The boss,of,the mutant,waited patiently in the corner.,The boss of the mutant waited patiently in the corner.,Who waited?,the boss,the bosses,the mutant,the mutants,1,2,3,4,baseline_modifier,,,,,,,,,
99,17,A,semantic,subject,The supervisor,promised that,the boss,waited patiently in the corner.,The supervisor promised that the boss waited patiently in the corner.,Who waited?,the supervisor,the supervisors,the boss,the bosses,3,4,1,2,semantic_subject,,,,,,,,,
100,17,B,semantic,modifier,The boss,of,the supervisor,waited patiently in the corner.,The boss of the supervisor waited patiently in the corner.,Who waited?,the boss,the bosses,the supervisor,the supervisors,1,2,3,4,semantic_modifier,,,,,,,,,
101,17,C,morphological,subject,The mutants,promised that,the boss,waited patiently in the corner.,The mutants promised that the boss waited patiently in the corner.,Who waited?,the mutant,the mutants,the boss,the bosses,3,4,1,2,morphological_subject,,,,,,,,,
102,17,D,morphological,modifier,The boss,of,the mutants,waited patiently in the corner.,The boss of the mutants waited patiently in the corner.,Who waited?,the boss,the bosses,the mutant,the mutants,1,2,3,4,morphological_modifier,,,,,,,,,
103,18,F,baseline,subject,The monster,recalled that,the friend,sneezed hard during the show.,The monster recalled that the friend sneezed hard during the show.,Who sneezed?,the monster,the monsters,the friend,the friends,3,4,1,2,baseline_subject,,,,,,,,,
104,18,A,baseline,modifier,The friend,of,the monster,sneezed hard during the show.,The friend of the monster sneezed hard during the show.,Who sneezed?,the friend,the friends,the monster,the monsters,1,2,3,4,baseline_modifier,,,,,,,,,
105,18,B,semantic,subject,The neighbor,recalled that,the friend,sneezed hard during the show.,The neighbor recalled that the friend sneezed hard during the show.,Who sneezed?,the neighbor,the neighbors,the friend,the friends,3,4,1,2,semantic_subject,,,,,,,,,
106,18,C,semantic,modifier,The friend,of,the neighbor,sneezed hard during the show.,The friend of the neighbor sneezed hard during the show.,Who sneezed?,the friend,the friends,the neighbor,the neighbors,1,2,3,4,semantic_modifier,,,,,,,,,
107,18,D,morphological,subject,The monsters,recalled that,the friend,sneezed hard during the show.,The monsters recalled that the friend sneezed hard during the show.,Who sneezed?,the monster,the monsters,the friend,the friends,3,4,1,2,morphological_subject,,,,,,,,,
108,18,E,morphological,modifier,The friend,of,the monsters,sneezed hard during the show.,The friend of the monsters sneezed hard during the show.,Who sneezed?,the friend,the friends,the monster,the monsters,1,2,3,4,morphological_modifier,,,,,,,,,
109,19,A,baseline,subject,The elf,saw that,the ambassador,shivered because of the cold.,The elf saw that the ambassador shivered because of the cold.,Who shivered?,the ambassador,the ambassadors,the elf,the elves,1,2,3,4,baseline_subject,,,,,,,,,
110,19,B,baseline,modifier,The ambassador,of,the elf,shivered because of the cold.,The ambassador of the elf shivered because of the cold.,Who shivered?,the elf,the elves,the ambassador,the ambassadors,3,4,1,2,baseline_modifier,,,,,,,,,
111,19,C,semantic,subject,The diplomat,saw that,the ambassador,shivered because of the cold.,The diplomat saw that the ambassador shivered because of the cold.,Who shivered?,the ambassador,the ambassadors,the diplomat,the diplomats,1,2,3,4,semantic_subject,,,,,,,,,
112,19,D,semantic,modifier,The ambassador,of,the diplomat,shivered because of the cold.,The ambassador of the diplomat shivered because of the cold.,Who shivered?,the diplomat,the diplomats,the ambassador,the ambassadors,3,4,1,2,semantic_modifier,,,,,,,,,
113,19,E,morphological,subject,The elves,saw that,the ambassador,shivered because of the cold.,The elves saw that the ambassador shivered because of the cold.,Who shivered?,the ambassador,the ambassadors,the elf,the elves,1,2,3,4,morphological_subject,,,,,,,,,
114,19,F,morphological,modifier,The ambassador,of,the elves,shivered because of the cold.,The ambassador of the elves shivered because of the cold.,Who shivered?,the elf,the elves,the ambassador,the ambassadors,3,4,1,2,morphological_modifier,,,,,,,,,
115,20,B,baseline,subject,The troll,remembered that,the agent,paid a lot of money.,The troll remembered that the agent paid a lot of money.,Who paid?,the agent,the agents,the troll,the trolls,1,2,3,4,baseline_subject,,,,,,,,,
116,20,C,baseline,modifier,The agent,of,the troll,paid a lot of money.,The agent of the troll paid a lot of money.,Who paid?,the troll,the trolls,the agent,the agents,3,4,1,2,baseline_modifier,,,,,,,,,
117,20,D,semantic,subject,The witness,remembered that,the agent,paid a lot of money.,The witness remembered that the agent paid a lot of money.,Who paid?,the agent,the agents,the witness,the witnesses,1,2,3,4,semantic_subject,,,,,,,,,
118,20,E,semantic,modifier,The agent,of,the witness,paid a lot of money.,The agent of the witness paid a lot of money.,Who paid?,the witness,the witnesses,the agent,the agents,3,4,1,2,semantic_modifier,,,,,,,,,
119,20,F,morphological,subject,The trolls,remembered that,the agent,paid a lot of money.,The trolls remembered that the agent paid a lot of money.,Who paid?,the agent,the agents,the troll,the trolls,1,2,3,4,morphological_subject,,,,,,,,,
120,20,A,morphological,modifier,The agent,of,the trolls,paid a lot of money.,The agent of the trolls paid a lot of money.,Who paid?,the troll,the trolls,the agent,the agents,3,4,1,2,morphological_modifier,,,,,,,,,
121,21,C,baseline,subject,The skeleton,acknowledged that,the guest,winced upon hearing the comment.,The skeleton acknowledged that the guest winced upon hearing the comment.,Who winced?,the guest,the guests,the skeleton,the skeletons,1,2,3,4,baseline_subject,,,,,,,,,
122,21,D,baseline,modifier,The guest,of,the skeleton,winced upon hearing the comment.,The guest of the skeleton winced upon hearing the comment.,Who winced?,the skeleton,the skeletons,the guest,the guests,3,4,1,2,baseline_modifier,,,,,,,,,
123,21,E,semantic,subject,The passenger,acknowledged that,the guest,winced upon hearing the comment.,The passenger acknowledged that the guest winced upon hearing the comment.,Who winced?,the guest,the guests,the passenger,the passengers,1,2,3,4,semantic_subject,,,,,,,,,
124,21,F,semantic,modifier,The guest,of,the passenger,winced upon hearing the comment.,The guest of the passenger winced upon hearing the comment.,Who winced?,the passenger,the passengers,the guest,the guests,3,4,1,2,semantic_modifier,,,,,,,,,
125,21,A,morphological,subject,The skeletons,acknowledged that,the guest,winced upon hearing the comment.,The skeletons acknowledged that the guest winced upon hearing the comment.,Who winced?,the guest,the guests,the skeleton,the skeletons,1,2,3,4,morphological_subject,,,,,,,,,
126,21,B,morphological,modifier,The guest,of,the skeletons,winced upon hearing the comment.,The guest of the skeletons winced upon hearing the comment.,Who winced?,the skeleton,the skeletons,the guest,the guests,3,4,1,2,morphological_modifier,,,,,,,,,
127,22,D,baseline,subject,The unicorn,guessed that,the editor,wandered aimlessly in the woods.,The unicorn guessed that the editor wandered aimlessly in the woods.,Who wandered?,the editor,the editors,the unicorn,the unicorns,1,2,3,4,baseline_subject,,,,,,,,,
128,22,E,baseline,modifier,The editor,of,the unicorn,wandered aimlessly in the woods.,The editor of the unicorn wandered aimlessly in the woods.,Who wandered?,the unicorn,the unicorns,the editor,the editors,3,4,1,2,baseline_modifier,,,,,,,,,
129,22,F,semantic,subject,The writer,guessed that,the editor,wandered aimlessly in the woods.,The writer guessed that the editor wandered aimlessly in the woods.,Who wandered?,the editor,the editors,the writer,the writers,1,2,3,4,semantic_subject,,,,,,,,,
130,22,A,semantic,modifier,The editor,of,the writer,wandered aimlessly in the woods.,The editor of the writer wandered aimlessly in the woods.,Who wandered?,the writer,the writers,the editor,the editors,3,4,1,2,semantic_modifier,,,,,,,,,
131,22,B,morphological,subject,The unicorns,guessed that,the editor,wandered aimlessly in the woods.,The unicorns guessed that the editor wandered aimlessly in the woods.,Who wandered?,the editor,the editors,the unicorn,the unicorns,1,2,3,4,morphological_subject,,,,,,,,,
132,22,C,morphological,modifier,The editor,of,the unicorns,wandered aimlessly in the woods.,The editor of the unicorns wandered aimlessly in the woods.,Who wandered?,the unicorn,the unicorns,the editor,the editors,3,4,1,2,morphological_modifier,,,,,,,,,
133,23,E,baseline,subject,The dwarf,speculated that,the candidate,quit shortly after the scandal.,The dwarf speculated that the candidate quit shortly after the scandal.,Who quit?,the candidate,the candidates,the dwarf,the dwarves,1,2,3,4,baseline_subject,,,,,,,,,
134,23,F,baseline,modifier,The candidate,of,the dwarf,quit shortly after the scandal.,The candidate of the dwarf quit shortly after the scandal.,Who quit?,the dwarf,the dwarves,the candidate,the candidates,3,4,1,2,baseline_modifier,,,,,,,,,
135,23,A,semantic,subject,The politician,speculated that,the candidate,quit shortly after the scandal.,The politician speculated that the candidate quit shortly after the scandal.,Who quit?,the candidate,the candidates,the politician,the politicians,1,2,3,4,semantic_subject,,,,,,,,,
136,23,B,semantic,modifier,The candidate,of,the politician,quit shortly after the scandal.,The candidate of the politician quit shortly after the scandal.,Who quit?,the politician,the politicians,the candidate,the candidates,3,4,1,2,semantic_modifier,,,,,,,,,
137,23,C,morphological,subject,The dwarves,speculated that,the candidate,quit shortly after the scandal.,The dwarves speculated that the candidate quit shortly after the scandal.,Who quit?,the candidate,the candidates,the dwarf,the dwarves,1,2,3,4,morphological_subject,,,,,,,,,
138,23,D,morphological,modifier,The candidate,of,the dwarves,quit shortly after the scandal.,The candidate of the dwarves quit shortly after the scandal.,Who quit?,the dwarf,the dwarves,the candidate,the candidates,3,4,1,2,morphological_modifier,,,,,,,,,
139,24,F,baseline,subject,The gnome,hated that,the critic,shouted often over the phone.,The gnome hated that the critic shouted often over the phone.,Who shouted?,the critic,the critics,the gnome,the gnomes,1,2,3,4,baseline_subject,,,,,,,,,
140,24,A,baseline,modifier,The critic,of,the gnome,shouted often over the phone.,The critic of the gnome shouted often over the phone.,Who shouted?,the gnome,the gnomes,the critic,the critics,3,4,1,2,baseline_modifier,,,,,,,,,
141,24,B,semantic,subject,The columnist,hated that,the critic,shouted often over the phone.,The columnist hated that the critic shouted often over the phone.,Who shouted?,the critic,the critics,the columnist,the columnists,1,2,3,4,semantic_subject,,,,,,,,,
142,24,C,semantic,modifier,The critic,of,the columnist,shouted often over the phone.,The critic of the columnist shouted often over the phone.,Who shouted?,the columnist,the columnists,the critic,the critics,3,4,1,2,semantic_modifier,,,,,,,,,
143,24,D,morphological,subject,The gnomes,hated that,the critic,shouted often over the phone.,The gnomes hated that the critic shouted often over the phone.,Who shouted?,the critic,the critics,the gnomes,the gnomess,1,2,3,4,morphological_subject,,,,,,,,,
144,24,E,morphological,modifier,The critic,of,the gnomes,shouted often over the phone.,The critic of the gnomes shouted often over the phone.,Who shouted?,the gnome,the gnomes,the critic,the critics,3,4,1,2,morphological_modifier,,,,,,,,,
145,25,A,baseline,subject,The deity,thought that,the supporter,cheered for the opposing team.,The deity thought that the supporter cheered for the opposing team.,Who cheered?,the supporter,the supporters,the deity,the deities,1,2,3,4,baseline_subject,,,,,,,,,
146,25,B,baseline,modifier,The supporter,of,the deity,cheered for the opposing team.,The supporter of the deity cheered for the opposing team.,Who cheered?,the deity,the deities,the supporter,the supporters,3,4,1,2,baseline_modifier,,,,,,,,,
147,25,C,semantic,subject,The proponent,thought that,the supporter,cheered for the opposing team.,The proponent thought that the supporter cheered for the opposing team.,Who cheered?,the supporter,the supporters,the proponent,the proponents,1,2,3,4,semantic_subject,,,,,,,,,
148,25,D,semantic,modifier,The supporter,of,the proponent,cheered for the opposing team.,The supporter of the proponent cheered for the opposing team.,Who cheered?,the proponent,the proponents,the supporter,the supporters,3,4,1,2,semantic_modifier,,,,,,,,,
149,25,E,morphological,subject,The deities,thought that,the supporter,cheered for the opposing team.,The deities thought that the supporter cheered for the opposing team.,Who cheered?,the supporter,the supporters,the deity,the deities,1,2,3,4,morphological_subject,,,,,,,,,
150,25,F,morphological,modifier,The supporter,of,the deities,cheered for the opposing team.,The supporter of the deities cheered for the opposing team.,Who cheered?,the deity,the deities,the supporter,the supporters,3,4,1,2,morphological_modifier,,,,,,,,,
151,26,B,baseline,subject,The executive,denied that,the mechanic,panicked when the car crashed.,The executive denied that the mechanic panicked when the car crashed.,Who panicked?,the mechanic,the mechanics,the executive,the executives,1,2,3,4,baseline_subject,,,,,,,,,
152,26,C,baseline,modifier,The mechanic,of,the executive,panicked when the car crashed.,The mechanic of the executive panicked when the car crashed.,Who panicked?,the executive,the executives,the mechanic,the mechanics,3,4,1,2,baseline_modifier,,,,,,,,,
153,26,D,semantic,subject,The blacksmith,denied that,the mechanic,panicked when the car crashed.,The blacksmith denied that the mechanic panicked when the car crashed.,Who panicked?,the mechanic,the mechanics,the blacksmith,the blacksmiths,1,2,3,4,semantic_subject,,,,,,,,,
154,26,E,semantic,modifier,The mechanic,of,the blacksmith,panicked when the car crashed.,The mechanic of the blacksmith panicked when the car crashed.,Who panicked?,the blacksmith,the blacksmiths,the mechanic,the mechanics,3,4,1,2,semantic_modifier,,,,,,,,,
155,26,F,morphological,subject,The executives,denied that,the mechanic,panicked when the car crashed.,The executives denied that the mechanic panicked when the car crashed.,Who panicked?,the mechanic,the mechanics,the executives,the executivess,1,2,3,4,morphological_subject,,,,,,,,,
156,26,A,morphological,modifier,The mechanic,of,the executives,panicked when the car crashed.,The mechanic of the executives panicked when the car crashed.,Who panicked?,the executives,the executivess,the mechanic,the mechanics,3,4,1,2,morphological_modifier,,,,,,,,,
157,27,C,baseline,subject,The gremlin,realized that,the driver,stumbled frequently to everyone's surprise.,The gremlin realized that the driver stumbled frequently to everyone's surprise.,Who stumbled?,the driver,the drivers,the gremlin,the gremlins,1,2,3,4,baseline_subject,,,,,,,,,
158,27,D,baseline,modifier,The driver,of,the gremlin,stumbled frequently to everyone's surprise.,The driver of the gremlin stumbled frequently to everyone's surprise.,Who stumbled?,the gremlin,the gremlins,the driver,the drivers,3,4,1,2,baseline_modifier,,,,,,,,,
159,27,E,semantic,subject,The pilot,realized that,the driver,stumbled frequently to everyone's surprise.,The pilot realized that the driver stumbled frequently to everyone's surprise.,Who stumbled?,the driver,the drivers,the pilot,the pilots,1,2,3,4,semantic_subject,,,,,,,,,
160,27,F,semantic,modifier,The driver,of,the pilot,stumbled frequently to everyone's surprise.,The driver of the pilot stumbled frequently to everyone's surprise.,Who stumbled?,the pilot,the pilots,the driver,the drivers,3,4,1,2,semantic_modifier,,,,,,,,,
161,27,A,morphological,subject,The gremlins,realized that,the driver,stumbled frequently to everyone's surprise.,The gremlins realized that the driver stumbled frequently to everyone's surprise.,Who stumbled?,the driver,the drivers,the gremlin,the gremlins,1,2,3,4,morphological_subject,,,,,,,,,
162,27,B,morphological,modifier,The driver,of,the gremlins,stumbled frequently to everyone's surprise.,The driver of the gremlins stumbled frequently to everyone's surprise.,Who stumbled?,the gremlin,the gremlins,the driver,the drivers,3,4,1,2,morphological_modifier,,,,,,,,,
163,28,D,baseline,subject,The ogre,exclaimed that,the gardener,jogged fast towards the monument.,The ogre exclaimed that the gardener jogged fast towards the monument.,Who jogged?,the gardener,the gardeners,the ogre,the ogres,1,2,3,4,baseline_subject,,,,,,,,,
164,28,E,baseline,modifier,The gardener,of,the ogre,jogged fast towards the monument.,The gardener of the ogre jogged fast towards the monument.,Who jogged?,the ogre,the ogres,the gardener,the gardeners,3,4,1,2,baseline_modifier,,,,,,,,,
165,28,F,semantic,subject,The botanist,exclaimed that,the gardener,jogged fast towards the monument.,The botanist exclaimed that the gardener jogged fast towards the monument.,Who jogged?,the gardener,the gardeners,the botanist,the botanists,1,2,3,4,semantic_subject,,,,,,,,,
166,28,A,semantic,modifier,The gardener,of,the botanist,jogged fast towards the monument.,The gardener of the botanist jogged fast towards the monument.,Who jogged?,the botanist,the botanists,the gardener,the gardeners,3,4,1,2,semantic_modifier,,,,,,,,,
167,28,B,morphological,subject,The ogres,exclaimed that,the gardener,jogged fast towards the monument.,The ogres exclaimed that the gardener jogged fast towards the monument.,Who jogged?,the gardener,the gardeners,the ogre,the ogres,1,2,3,4,morphological_subject,,,,,,,,,
168,28,C,morphological,modifier,The gardener,of,the ogres,jogged fast towards the monument.,The gardener of the ogres jogged fast towards the monument.,Who jogged?,the ogre,the ogres,the gardener,the gardeners,3,4,1,2,morphological_modifier,,,,,,,,,
169,29,E,baseline,subject,The magician,thought that,the therapist,gasped after hearing the verdict.,The magician thought that the therapist gasped after hearing the verdict.,Who gasped?,the therapist,the therapists,the magician,the magicians,1,2,3,4,baseline_subject,,,,,,,,,
170,29,F,baseline,modifier,The therapist,of,the magician,gasped after hearing the verdict.,The therapist of the magician gasped after hearing the verdict.,Who gasped?,the magician,the magicians,the therapist,the therapists,3,4,1,2,baseline_modifier,,,,,,,,,
171,29,A,semantic,subject,The psychiatrist,thought that,the therapist,gasped after hearing the verdict.,The psychiatrist thought that the therapist gasped after hearing the verdict.,Who gasped?,the therapist,the therapists,the psychiatrist,the psychiatrists,1,2,3,4,semantic_subject,,,,,,,,,
172,29,B,semantic,modifier,The therapist,of,the psychiatrist,gasped after hearing the verdict.,The therapist of the psychiatrist gasped after hearing the verdict.,Who gasped?,the psychiatrist,the psychiatrists,the therapist,the therapists,3,4,1,2,semantic_modifier,,,,,,,,,
173,29,C,morphological,subject,The magicians,thought that,the therapist,gasped after hearing the verdict.,The magicians thought that the therapist gasped after hearing the verdict.,Who gasped?,the therapist,the therapists,the magician,the magicians,1,2,3,4,morphological_subject,,,,,,,,,
174,29,D,morphological,modifier,The therapist,of,the magicians,gasped after hearing the verdict.,The therapist of the magicians gasped after hearing the verdict.,Who gasped?,the magician,the magicians,the therapist,the therapists,3,4,1,2,morphological_modifier,,,,,,,,,
175,30,F,baseline,subject,The nymph,announced that,the accountant,gave up after the failure.,The nymph announced that the accountant gave up after the failure.,Who gave up?,the accountant,the accountants,the nymph,the nymphs,1,2,3,4,baseline_subject,,,,,,,,,
176,30,A,baseline,modifier,The accountant,of,the nymph,gave up after the failure.,The accountant of the nymph gave up after the failure.,Who gave up?,the nymph,the nymphs,the accountant,the accountants,3,4,1,2,baseline_modifier,,,,,,,,,
177,30,B,semantic,subject,The economist,announced that,the accountant,gave up after the failure.,The economist announced that the accountant gave up after the failure.,Who gave up?,the accountant,the accountants,the economist,the economists,1,2,3,4,semantic_subject,,,,,,,,,
178,30,C,semantic,modifier,The accountant,of,the economist,gave up after the failure.,The accountant of the economist gave up after the failure.,Who gave up?,the economist,the economists,the accountant,the accountants,3,4,1,2,semantic_modifier,,,,,,,,,
179,30,D,morphological,subject,The nymphs,announced that,the accountant,gave up after the failure.,The nymphs announced that the accountant gave up after the failure.,Who gave up?,the accountant,the accountants,the nymph,the nymphs,1,2,3,4,morphological_subject,,,,,,,,,
180,30,E,morphological,modifier,The accountant,of,the nymphs,gave up after the stressful year.,The accountant of the nymphs gave up after the stressful year.,Who gave up?,the nymph,the nymphs,the accountant,the accountants,3,4,1,2,morphological_modifier,,,,,,,,,
181,31,A,baseline,subject,The goblin,detested that,the classmate,yawned constantly during the concert.,The goblin detested that the classmate yawned constantly during the concert.,Who yawned?,the classmate,the classmates,the goblin,the goblins,1,2,3,4,baseline_subject,,,,,,,,,
182,31,B,baseline,modifier,The classmate,of,the goblin,yawned constantly during the concert.,The classmate of the goblin yawned constantly during the concert.,Who yawned?,the goblin,the goblins,the classmate,the classmates,3,4,1,2,baseline_modifier,,,,,,,,,
183,31,C,semantic,subject,The colleague,detested that,the classmate,yawned constantly during the concert.,The colleague detested that the classmate yawned constantly during the concert.,Who yawned?,the classmate,the classmates,the colleague,the colleagues,1,2,3,4,semantic_subject,,,,,,,,,
184,31,D,semantic,modifier,The classmate,of,the colleague,yawned constantly during the concert.,The classmate of the colleague yawned constantly during the concert.,Who yawned?,the colleague,the colleagues,the classmate,the classmates,3,4,1,2,semantic_modifier,,,,,,,,,
185,31,E,morphological,subject,The goblins,detested that,the classmate,yawned constantly during the concert.,The goblins detested that the classmate yawned constantly during the concert.,Who yawned?,the classmate,the classmates,the goblin,the goblins,1,2,3,4,morphological_subject,,,,,,,,,
186,31,F,morphological,modifier,The classmate,of,the goblins,yawned constantly during the concert.,The classmate of the goblins yawned constantly during the concert.,Who yawned?,the goblin,the goblins,the classmate,the classmates,3,4,1,2,morphological_modifier,,,,,,,,,
187,32,B,baseline,subject,The sphinx,suspected that,the knight,whispered that it was cursed.,The sphinx suspected that the knight whispered that it was cursed.,Who whispered?,the knight,the knights,the sphinx,the sphinxes,1,2,3,4,baseline_subject,,,,,,,,,
188,32,C,baseline,modifier,The knight,of,the sphinx,whispered that it was cursed.,The knight of the sphinx whispered that it was cursed.,Who whispered?,the sphinx,the sphinxes,the knight,the knights,3,4,1,2,baseline_modifier,,,,,,,,,
189,32,D,semantic,subject,The king,suspected that,the knight,whispered that it was cursed.,The king suspected that the knight whispered that it was cursed.,Who whispered?,the knight,the knights,the king,the kings,1,2,3,4,semantic_subject,,,,,,,,,
190,32,E,semantic,modifier,The knight,of,the king,whispered that it was cursed.,The knight of the king whispered that it was cursed.,Who whispered?,the king,the kings,the knight,the knights,3,4,1,2,semantic_modifier,,,,,,,,,
191,32,F,morphological,subject,The sphinxes,suspected that,the knight,whispered that it was cursed.,The sphinxes suspected that the knight whispered that it was cursed.,Who whispered?,the knight,the knights,the sphinx,the sphinxes,1,2,3,4,morphological_subject,,,,,,,,,
192,32,A,morphological,modifier,The knight,of,the sphinxes,whispered that it was cursed.,The knight of the sphinxes whispered that it was cursed.,Who whispered?,the sphinx,the sphinxes,the knight,the knights,3,4,1,2,morphological_modifier,,,,,,,,,
193,33,C,baseline,subject,The minotaur,swore that,the teammate,yelled repeatedly at the referee.,The minotaur swore that the teammate yelled repeatedly at the referee.,Who yelled?,the teammate,the teammates,the minotaur,the minotaurs,1,2,3,4,baseline_subject,,,,,,,,,
194,33,D,baseline,modifier,The teammate,of,the minotaur,yelled repeatedly at the referee.,The teammate of the minotaur yelled repeatedly at the referee.,Who yelled?,the minotaur,the minotaurs,the teammate,the teammates,3,4,1,2,baseline_modifier,,,,,,,,,
195,33,E,semantic,subject,The opponent,swore that,the teammate,yelled repeatedly at the referee.,The opponent swore that the teammate yelled repeatedly at the referee.,Who yelled?,the teammate,the teammates,the opponent,the opponents,1,2,3,4,semantic_subject,,,,,,,,,
196,33,F,semantic,modifier,The teammate,of,the opponent,yelled repeatedly at the referee.,The teammate of the opponent yelled repeatedly at the referee.,Who yelled?,the opponent,the opponents,the teammate,the teammates,3,4,1,2,semantic_modifier,,,,,,,,,
197,33,A,morphological,subject,The minotaurs,swore that,the teammate,yelled repeatedly at the referee.,The minotaurs swore that the teammate yelled repeatedly at the referee.,Who yelled?,the teammate,the teammates,the minotaur,the minotaurs,1,2,3,4,morphological_subject,,,,,,,,,
198,33,B,morphological,modifier,The teammate,of,the minotaurs,yelled repeatedly at the referee.,The teammate of the minotaurs yelled repeatedly at the referee.,Who yelled?,the minotaur,the minotaurs,the teammate,the teammates,3,4,1,2,morphological_modifier,,,,,,,,,
199,34,D,baseline,subject,The titan,overheard that ,the counselor,cursed everyone who left work.,The titan overheard that  the counselor cursed everyone who left work.,Who cursed?,the counselor,the counselors,the titan,the titans,1,2,3,4,baseline_subject,,,,,,,,,
200,34,E,baseline,modifier,The counselor,of,the titan,cursed everyone who left work.,The counselor of the titan cursed everyone who left work.,Who cursed?,the titan,the titans,the counselor,the counselors,3,4,1,2,baseline_modifier,,,,,,,,,
201,34,F,semantic,subject,The advisor,overheard that ,the counselor,cursed everyone who left work.,The advisor overheard that  the counselor cursed everyone who left work.,Who cursed?,the counselor,the counselors,the advisor,the advisors,1,2,3,4,semantic_subject,,,,,,,,,
202,34,A,semantic,modifier,The counselor,of,the advisor,cursed everyone who left work.,The counselor of the advisor cursed everyone who left work.,Who cursed?,the advisor,the advisors,the counselor,the counselors,3,4,1,2,semantic_modifier,,,,,,,,,
203,34,B,morphological,subject,The titans,overheard that ,the counselor,cursed everyone who left work.,The titans overheard that  the counselor cursed everyone who left work.,Who cursed?,the counselor,the counselors,the titan,the titans,1,2,3,4,morphological_subject,,,,,,,,,
204,34,C,morphological,modifier,The counselor,of,the titans,cursed everyone who left work.,The counselor of the titans cursed everyone who left work.,Who cursed?,the titan,the titans,the counselor,the counselors,3,4,1,2,morphological_modifier,,,,,,,,,
205,35,E,baseline,subject,The banshee,noticed that,the psychologist,talked only in a whisper.,The banshee noticed that the psychologist talked only in a whisper.,Who talked?,the psychologist,the psychologists,the banshee,the banshees,1,2,3,4,baseline_subject,,,,,,,,,
206,35,F,baseline,modifier,The psychologist,of,the banshee,talked only in a whisper.,The psychologist of the banshee talked only in a whisper.,Who talked?,the banshee,the banshees,the psychologist,the psychologists,3,4,1,2,baseline_modifier,,,,,,,,,
207,35,A,semantic,subject,The mathematician,noticed that,the psychologist,talked only in a whisper.,The mathematician noticed that the psychologist talked only in a whisper.,Who talked?,the psychologist,the psychologists,the mathematician,the mathematicians,1,2,3,4,semantic_subject,,,,,,,,,
208,35,B,semantic,modifier,The psychologist,of,the mathematician,talked only in a whisper.,The psychologist of the mathematician talked only in a whisper.,Who talked?,the mathematician,the mathematicians,the psychologist,the psychologists,3,4,1,2,semantic_modifier,,,,,,,,,
209,35,C,morphological,subject,The banshees,noticed that,the psychologist,talked only in a whisper.,The banshees noticed that the psychologist talked only in a whisper.,Who talked?,the psychologist,the psychologists,the banshee,the banshees,1,2,3,4,morphological_subject,,,,,,,,,
210,35,D,morphological,modifier,The psychologist,of,the banshees,talked only in a whisper.,The psychologist of the banshees talked only in a whisper.,Who talked?,the banshee,the banshees,the psychologist,the psychologists,3,4,1,2,morphological_modifier,,,,,,,,,
211,36,F,baseline,subject,The satyr,discovered that,the programmer,drank at the company party.,The satyr discovered that the programmer drank at the company party.,Who drank?,the programmer,the programmers,the satyr,the satyrs,1,2,3,4,baseline_subject,,,,,,,,,
212,36,A,baseline,modifier,The programmer,of,the satyr,drank at the company party.,The programmer of the satyr drank at the company party.,Who drank?,the satyr,the satyrs,the programmer,the programmers,3,4,1,2,baseline_modifier,,,,,,,,,
213,36,B,semantic,subject,The researcher,discovered that,the programmer,drank at the company party.,The researcher discovered that the programmer drank at the company party.,Who drank?,the programmer,the programmers,the researcher,the researchers,1,2,3,4,semantic_subject,,,,,,,,,
214,36,C,semantic,modifier,The programmer,of,the researcher,drank at the company party.,The programmer of the researcher drank at the company party.,Who drank?,the researcher,the researchers,the programmer,the programmers,3,4,1,2,semantic_modifier,,,,,,,,,
215,36,D,morphological,subject,The satyrs,discovered that,the programmer,drank at the company party.,The satyrs discovered that the programmer drank at the company party.,Who drank?,the programmer,the programmers,the satyr,the satyrs,1,2,3,4,morphological_subject,,,,,,,,,
216,36,E,morphological,modifier,The programmer,of,the satyrs,drank at the company party.,The programmer of the satyrs drank at the company party.,Who drank?,the satyr,the satyrs,the programmer,the programmers,3,4,1,2,morphological_modifier,,,,,,,,,
,,,,,,,,,,,,,,,,,,,,,,,,,,,,
,,,,,,,,,,,,,,,,,,,,,,,,,,,,
,,,,,,,,,,,,,,,,,,,,,,,,,,,,
,,,,,,,,,,,,,,,,,,,,,,,,,,,,
,,,,,,,,,,,,,,,,,,,,,,,,,,,,
,,,,,,,,,,,,,,,,,,,,,,,,,,,,
,,,,,,,,,,,,,,,,,,,,,,,,,,,,
,,,,,,,,,,,,,,,,,,,,,,,,,,,,
,,,,,,,,,,,,,,,,,,,,,,,,,,,,
,,,,,,,,,,,,,,,,,,,,,,,,,,,,
,,,,,,,,,,,,,,,,,,,,,,,,,,,,
,,,,,,,,,,,,,,,,,,,,,,,,,,,,
,,,,,,,,,,,,,,,,,,,,,,,,,,,,
,,,,,,,,,,,,,,,,,,,,,,,,,,,,
,,,,,,,,,,,,,,,,,,,,,,,,,,,,
,,,,,,,,,,,,,,,,,,,,,,,,,,,,
,,,,,,,,,,,,,,,,,,,,,,,,,,,,
,,,,,,,,,,,,,,,,,,,,,,,,,,,,
,,,,,,,,,,,,,,,,,,,,,,,,,,,,
,,,,,,,,,,,,,,,,,,,,,,,,,,,,
,,,,,,,,,,,,,,,,,,,,,,,,,,,,
,,,,,,,,,,,,,,,,,,,,,,,,,,,,
,,,,,,,,,,,,,,,,,,,,,,,,,,,,
,,,,,,,,,,,,,,,,,,,,,,,,,,,,
,,,,,,,,,,,,,,,,,,,,,,,,,,,,
,,,,,,,,,,,,,,,,,,,,,,,,,,,,
,,,,,,,,,,,,,,,,,,,,,,,,,,,,
,,,,,,,,,,,,,,,,,,,,,,,,,,,,
,,,,,,,,,,,,,,,,,,,,,,,,,,,,
,,,,,,,,,,,,,,,,,,,,,,,,,,,,
,,,,,,,,,,,,,,,,,,,,,,,,,,,,
,,,,,,,,,,,,,,,,,,,,,,,,,,,,
,,,,,,,,,,,,,,,,,,,,,,,,,,,,
,,,,,,,,,,,,,,,,,,,,,,,,,,,,
,,,,,,,,,,,,,,,,,,,,,,,,,,,,
,,,,,,,,,,,,,,,,,,,,,,,,,,,,
253,,,,,,,,,,,,,,,,,,,,,,,,,,,,
254,,,,,,,,,,,,,,,,,,,,,,,,,,,,
255,,,,,,,,,,,,,,,,,,,,,,,,,,,,
256,,,,,,,,,,,,,,,,,,,,,,,,,,,,
257,,,,,,,,,,,,,,,,,,,,,,,,,,,,
258,,,,,,,,,,,,,,,,,,,,,,,,,,,,
259,,,,,,,,,,,,,,,,,,,,,,,,,,,,
260,,,,,,,,,,,,,,,,,,,,,,,,,,,,
261,,,,,,,,,,,,,,,,,,,,,,,,,,,,
262,,,,,,,,,,,,,,,,,,,,,,,,,,,,
263,,,,,,,,,,,,,,,,,,,,,,,,,,,,
264,,,,,,,,,,,,,,,,,,,,,,,,,,,,
265,,,,,,,,,,,,,,,,,,,,,,,,,,,,
266,,,,,,,,,,,,,,,,,,,,,,,,,,,,
267,,,,,,,,,,,,,,,,,,,,,,,,,,,,
268,,,,,,,,,,,,,,,,,,,,,,,,,,,,
269,,,,,,,,,,,,,,,,,,,,,,,,,,,,
270,,,,,,,,,,,,,,,,,,,,,,,,,,,,
271,,,,,,,,,,,,,,,,,,,,,,,,,,,,
272,,,,,,,,,,,,,,,,,,,,,,,,,,,,
273,,,,,,,,,,,,,,,,,,,,,,,,,,,,
274,,,,,,,,,,,,,,,,,,,,,,,,,,,,
275,,,,,,,,,,,,,,,,,,,,,,,,,,,,
276,,,,,,,,,,,,,,,,,,,,,,,,,,,,
277,,,,,,,,,,,,,,,,,,,,,,,,,,,,
278,,,,,,,,,,,,,,,,,,,,,,,,,,,,
279,,,,,,,,,,,,,,,,,,,,,,,,,,,,
280,,,,,,,,,,,,,,,,,,,,,,,,,,,,
281,,,,,,,,,,,,,,,,,,,,,,,,,,,,
282,,,,,,,,,,,,,,,,,,,,,,,,,,,,
283,,,,,,,,,,,,,,,,,,,,,,,,,,,,
284,,,,,,,,,,,,,,,,,,,,,,,,,,,,
285,,,,,,,,,,,,,,,,,,,,,,,,,,,,
286,,,,,,,,,,,,,,,,,,,,,,,,,,,,
287,,,,,,,,,,,,,,,,,,,,,,,,,,,,
288,,,,,,,,,,,,,,,,,,,,,,,,,,,,
289,,,,,,,,,,,,,,,,,,,,,,,,,,,,
290,,,,,,,,,,,,,,,,,,,,,,,,,,,,
291,,,,,,,,,,,,,,,,,,,,,,,,,,,,
292,,,,,,,,,,,,,,,,,,,,,,,,,,,,
293,,,,,,,,,,,,,,,,,,,,,,,,,,,,
294,,,,,,,,,,,,,,,,,,,,,,,,,,,,
295,,,,,,,,,,,,,,,,,,,,,,,,,,,,
296,,,,,,,,,,,,,,,,,,,,,,,,,,,,
297,,,,,,,,,,,,,,,,,,,,,,,,,,,,
298,,,,,,,,,,,,,,,,,,,,,,,,,,,,
299,,,,,,,,,,,,,,,,,,,,,,,,,,,,
300,,,,,,,,,,,,,,,,,,,,,,,,,,,,
301,,,,,,,,,,,,,,,,,,,,,,,,,,,,
302,,,,,,,,,,,,,,,,,,,,,,,,,,,,
303,,,,,,,,,,,,,,,,,,,,,,,,,,,,
304,,,,,,,,,,,,,,,,,,,,,,,,,,,,
305,,,,,,,,,,,,,,,,,,,,,,,,,,,,
306,,,,,,,,,,,,,,,,,,,,,,,,,,,,
307,,,,,,,,,,,,,,,,,,,,,,,,,,,,
308,,,,,,,,,,,,,,,,,,,,,,,,,,,,
309,,,,,,,,,,,,,,,,,,,,,,,,,,,,
310,,,,,,,,,,,,,,,,,,,,,,,,,,,,
311,,,,,,,,,,,,,,,,,,,,,,,,,,,,
312,,,,,,,,,,,,,,,,,,,,,,,,,,,,
313,,,,,,,,,,,,,,,,,,,,,,,,,,,,
314,,,,,,,,,,,,,,,,,,,,,,,,,,,,
315,,,,,,,,,,,,,,,,,,,,,,,,,,,,
316,,,,,,,,,,,,,,,,,,,,,,,,,,,,
317,,,,,,,,,,,,,,,,,,,,,,,,,,,,
318,,,,,,,,,,,,,,,,,,,,,,,,,,,,
319,,,,,,,,,,,,,,,,,,,,,,,,,,,,
320,,,,,,,,,,,,,,,,,,,,,,,,,,,,
321,,,,,,,,,,,,,,,,,,,,,,,,,,,,
322,,,,,,,,,,,,,,,,,,,,,,,,,,,,
323,,,,,,,,,,,,,,,,,,,,,,,,,,,,
324,,,,,,,,,,,,,,,,,,,,,,,,,,,,
325,,,,,,,,,,,,,,,,,,,,,,,,,,,,
326,,,,,,,,,,,,,,,,,,,,,,,,,,,,
327,,,,,,,,,,,,,,,,,,,,,,,,,,,,
328,,,,,,,,,,,,,,,,,,,,,,,,,,,,
329,,,,,,,,,,,,,,,,,,,,,,,,,,,,
330,,,,,,,,,,,,,,,,,,,,,,,,,,,,
331,,,,,,,,,,,,,,,,,,,,,,,,,,,,
332,,,,,,,,,,,,,,,,,,,,,,,,,,,,
333,,,,,,,,,,,,,,,,,,,,,,,,,,,,
334,,,,,,,,,,,,,,,,,,,,,,,,,,,,
335,,,,,,,,,,,,,,,,,,,,,,,,,,,,
336,,,,,,,,,,,,,,,,,,,,,,,,,,,,
337,,,,,,,,,,,,,,,,,,,,,,,,,,,,
338,,,,,,,,,,,,,,,,,,,,,,,,,,,,
339,,,,,,,,,,,,,,,,,,,,,,,,,,,,
340,,,,,,,,,,,,,,,,,,,,,,,,,,,,
341,,,,,,,,,,,,,,,,,,,,,,,,,,,,
342,,,,,,,,,,,,,,,,,,,,,,,,,,,,
343,,,,,,,,,,,,,,,,,,,,,,,,,,,,
344,,,,,,,,,,,,,,,,,,,,,,,,,,,,
345,,,,,,,,,,,,,,,,,,,,,,,,,,,,
346,,,,,,,,,,,,,,,,,,,,,,,,,,,,
347,,,,,,,,,,,,,,,,,,,,,,,,,,,,
348,,,,,,,,,,,,,,,,,,,,,,,,,,,,
349,,,,,,,,,,,,,,,,,,,,,,,,,,,,
350,,,,,,,,,,,,,,,,,,,,,,,,,,,,
351,,,,,,,,,,,,,,,,,,,,,,,,,,,,
352,,,,,,,,,,,,,,,,,,,,,,,,,,,,
353,,,,,,,,,,,,,,,,,,,,,,,,,,,,
354,,,,,,,,,,,,,,,,,,,,,,,,,,,,
355,,,,,,,,,,,,,,,,,,,,,,,,,,,,
356,,,,,,,,,,,,,,,,,,,,,,,,,,,,
357,,,,,,,,,,,,,,,,,,,,,,,,,,,,
358,,,,,,,,,,,,,,,,,,,,,,,,,,,,
359,,,,,,,,,,,,,,,,,,,,,,,,,,,,
360,,,,,,,,,,,,,,,,,,,,,,,,,,,,
361,,,,,,,,,,,,,,,,,,,,,,,,,,,,
362,,,,,,,,,,,,,,,,,,,,,,,,,,,,
363,,,,,,,,,,,,,,,,,,,,,,,,,,,,
364,,,,,,,,,,,,,,,,,,,,,,,,,,,,
365,,,,,,,,,,,,,,,,,,,,,,,,,,,,
366,,,,,,,,,,,,,,,,,,,,,,,,,,,,
367,,,,,,,,,,,,,,,,,,,,,,,,,,,,
368,,,,,,,,,,,,,,,,,,,,,,,,,,,,
369,,,,,,,,,,,,,,,,,,,,,,,,,,,,
370,,,,,,,,,,,,,,,,,,,,,,,,,,,,
371,,,,,,,,,,,,,,,,,,,,,,,,,,,,
372,,,,,,,,,,,,,,,,,,,,,,,,,,,,
373,,,,,,,,,,,,,,,,,,,,,,,,,,,,
374,,,,,,,,,,,,,,,,,,,,,,,,,,,,
375,,,,,,,,,,,,,,,,,,,,,,,,,,,,
376,,,,,,,,,,,,,,,,,,,,,,,,,,,,
377,,,,,,,,,,,,,,,,,,,,,,,,,,,,
378,,,,,,,,,,,,,,,,,,,,,,,,,,,,
379,,,,,,,,,,,,,,,,,,,,,,,,,,,,
380,,,,,,,,,,,,,,,,,,,,,,,,,,,,
381,,,,,,,,,,,,,,,,,,,,,,,,,,,,
382,,,,,,,,,,,,,,,,,,,,,,,,,,,,
383,,,,,,,,,,,,,,,,,,,,,,,,,,,,
384,,,,,,,,,,,,,,,,,,,,,,,,,,,,
385,,,,,,,,,,,,,,,,,,,,,,,,,,,,
386,,,,,,,,,,,,,,,,,,,,,,,,,,,,
387,,,,,,,,,,,,,,,,,,,,,,,,,,,,
388,,,,,,,,,,,,,,,,,,,,,,,,,,,,
389,,,,,,,,,,,,,,,,,,,,,,,,,,,,
390,,,,,,,,,,,,,,,,,,,,,,,,,,,,
391,,,,,,,,,,,,,,,,,,,,,,,,,,,,
392,,,,,,,,,,,,,,,,,,,,,,,,,,,,
393,,,,,,,,,,,,,,,,,,,,,,,,,,,,
394,,,,,,,,,,,,,,,,,,,,,,,,,,,,
395,,,,,,,,,,,,,,,,,,,,,,,,,,,,
396,,,,,,,,,,,,,,,,,,,,,,,,,,,,
397,,,,,,,,,,,,,,,,,,,,,,,,,,,,
398,,,,,,,,,,,,,,,,,,,,,,,,,,,,
399,,,,,,,,,,,,,,,,,,,,,,,,,,,,
400,,,,,,,,,,,,,,,,,,,,,,,,,,,,
401,,,,,,,,,,,,,,,,,,,,,,,,,,,,
402,,,,,,,,,,,,,,,,,,,,,,,,,,,,
403,,,,,,,,,,,,,,,,,,,,,,,,,,,,
404,,,,,,,,,,,,,,,,,,,,,,,,,,,,
405,,,,,,,,,,,,,,,,,,,,,,,,,,,,
406,,,,,,,,,,,,,,,,,,,,,,,,,,,,
407,,,,,,,,,,,,,,,,,,,,,,,,,,,,
408,,,,,,,,,,,,,,,,,,,,,,,,,,,,
409,,,,,,,,,,,,,,,,,,,,,,,,,,,,
410,,,,,,,,,,,,,,,,,,,,,,,,,,,,
411,,,,,,,,,,,,,,,,,,,,,,,,,,,,
412,,,,,,,,,,,,,,,,,,,,,,,,,,,,
413,,,,,,,,,,,,,,,,,,,,,,,,,,,,
414,,,,,,,,,,,,,,,,,,,,,,,,,,,,
415,,,,,,,,,,,,,,,,,,,,,,,,,,,,
416,,,,,,,,,,,,,,,,,,,,,,,,,,,,
417,,,,,,,,,,,,,,,,,,,,,,,,,,,,
418,,,,,,,,,,,,,,,,,,,,,,,,,,,,
419,,,,,,,,,,,,,,,,,,,,,,,,,,,,
420,,,,,,,,,,,,,,,,,,,,,,,,,,,,
421,,,,,,,,,,,,,,,,,,,,,,,,,,,,
422,,,,,,,,,,,,,,,,,,,,,,,,,,,,
423,,,,,,,,,,,,,,,,,,,,,,,,,,,,
424,,,,,,,,,,,,,,,,,,,,,,,,,,,,
425,,,,,,,,,,,,,,,,,,,,,,,,,,,,
426,,,,,,,,,,,,,,,,,,,,,,,,,,,,
427,,,,,,,,,,,,,,,,,,,,,,,,,,,,
428,,,,,,,,,,,,,,,,,,,,,,,,,,,,
429,,,,,,,,,,,,,,,,,,,,,,,,,,,,
430,,,,,,,,,,,,,,,,,,,,,,,,,,,,
431,,,,,,,,,,,,,,,,,,,,,,,,,,,,
432,,,,,,,,,,,,,,,,,,,,,,,,,,,,
433,,,,,,,,,,,,,,,,,,,,,,,,,,,,
434,,,,,,,,,,,,,,,,,,,,,,,,,,,,
435,,,,,,,,,,,,,,,,,,,,,,,,,,,,
436,,,,,,,,,,,,,,,,,,,,,,,,,,,,
437,,,,,,,,,,,,,,,,,,,,,,,,,,,,
438,,,,,,,,,,,,,,,,,,,,,,,,,,,,
439,,,,,,,,,,,,,,,,,,,,,,,,,,,,
440,,,,,,,,,,,,,,,,,,,,,,,,,,,,
441,,,,,,,,,,,,,,,,,,,,,,,,,,,,
442,,,,,,,,,,,,,,,,,,,,,,,,,,,,
443,,,,,,,,,,,,,,,,,,,,,,,,,,,,
444,,,,,,,,,,,,,,,,,,,,,,,,,,,,
445,,,,,,,,,,,,,,,,,,,,,,,,,,,,
446,,,,,,,,,,,,,,,,,,,,,,,,,,,,
447,,,,,,,,,,,,,,,,,,,,,,,,,,,,
448,,,,,,,,,,,,,,,,,,,,,,,,,,,,
449,,,,,,,,,,,,,,,,,,,,,,,,,,,,
450,,,,,,,,,,,,,,,,,,,,,,,,,,,,
451,,,,,,,,,,,,,,,,,,,,,,,,,,,,
452,,,,,,,,,,,,,,,,,,,,,,,,,,,,
453,,,,,,,,,,,,,,,,,,,,,,,,,,,,
454,,,,,,,,,,,,,,,,,,,,,,,,,,,,
455,,,,,,,,,,,,,,,,,,,,,,,,,,,,
456,,,,,,,,,,,,,,,,,,,,,,,,,,,,
457,,,,,,,,,,,,,,,,,,,,,,,,,,,,
458,,,,,,,,,,,,,,,,,,,,,,,,,,,,
459,,,,,,,,,,,,,,,,,,,,,,,,,,,,
460,,,,,,,,,,,,,,,,,,,,,,,,,,,,
461,,,,,,,,,,,,,,,,,,,,,,,,,,,,
462,,,,,,,,,,,,,,,,,,,,,,,,,,,,
463,,,,,,,,,,,,,,,,,,,,,,,,,,,,
464,,,,,,,,,,,,,,,,,,,,,,,,,,,,
465,,,,,,,,,,,,,,,,,,,,,,,,,,,,
466,,,,,,,,,,,,,,,,,,,,,,,,,,,,
467,,,,,,,,,,,,,,,,,,,,,,,,,,,,
468,,,,,,,,,,,,,,,,,,,,,,,,,,,,
469,,,,,,,,,,,,,,,,,,,,,,,,,,,,
470,,,,,,,,,,,,,,,,,,,,,,,,,,,,
471,,,,,,,,,,,,,,,,,,,,,,,,,,,,
472,,,,,,,,,,,,,,,,,,,,,,,,,,,,
473,,,,,,,,,,,,,,,,,,,,,,,,,,,,
474,,,,,,,,,,,,,,,,,,,,,,,,,,,,
475,,,,,,,,,,,,,,,,,,,,,,,,,,,,
476,,,,,,,,,,,,,,,,,,,,,,,,,,,,
477,,,,,,,,,,,,,,,,,,,,,,,,,,,,
478,,,,,,,,,,,,,,,,,,,,,,,,,,,,
479,,,,,,,,,,,,,,,,,,,,,,,,,,,,
480,,,,,,,,,,,,,,,,,,,,,,,,,,,,
481,,,,,,,,,,,,,,,,,,,,,,,,,,,,
482,,,,,,,,,,,,,,,,,,,,,,,,,,,,
483,,,,,,,,,,,,,,,,,,,,,,,,,,,,
484,,,,,,,,,,,,,,,,,,,,,,,,,,,,
485,,,,,,,,,,,,,,,,,,,,,,,,,,,,
486,,,,,,,,,,,,,,,,,,,,,,,,,,,,
487,,,,,,,,,,,,,,,,,,,,,,,,,,,,
488,,,,,,,,,,,,,,,,,,,,,,,,,,,,
489,,,,,,,,,,,,,,,,,,,,,,,,,,,,
490,,,,,,,,,,,,,,,,,,,,,,,,,,,,
491,,,,,,,,,,,,,,,,,,,,,,,,,,,,
492,,,,,,,,,,,,,,,,,,,,,,,,,,,,
493,,,,,,,,,,,,,,,,,,,,,,,,,,,,
494,,,,,,,,,,,,,,,,,,,,,,,,,,,,
495,,,,,,,,,,,,,,,,,,,,,,,,,,,,
496,,,,,,,,,,,,,,,,,,,,,,,,,,,,
497,,,,,,,,,,,,,,,,,,,,,,,,,,,,
498,,,,,,,,,,,,,,,,,,,,,,,,,,,,
499,,,,,,,,,,,,,,,,,,,,,,,,,,,,
500,,,,,,,,,,,,,,,,,,,,,,,,,,,,
501,,,,,,,,,,,,,,,,,,,,,,,,,,,,
502,,,,,,,,,,,,,,,,,,,,,,,,,,,,
503,,,,,,,,,,,,,,,,,,,,,,,,,,,,
504,,,,,,,,,,,,,,,,,,,,,,,,,,,,
505,,,,,,,,,,,,,,,,,,,,,,,,,,,,
506,,,,,,,,,,,,,,,,,,,,,,,,,,,,
507,,,,,,,,,,,,,,,,,,,,,,,,,,,,
508,,,,,,,,,,,,,,,,,,,,,,,,,,,,
509,,,,,,,,,,,,,,,,,,,,,,,,,,,,
510,,,,,,,,,,,,,,,,,,,,,,,,,,,,
511,,,,,,,,,,,,,,,,,,,,,,,,,,,,
512,,,,,,,,,,,,,,,,,,,,,,,,,,,,
513,,,,,,,,,,,,,,,,,,,,,,,,,,,,
514,,,,,,,,,,,,,,,,,,,,,,,,,,,,
515,,,,,,,,,,,,,,,,,,,,,,,,,,,,
516,,,,,,,,,,,,,,,,,,,,,,,,,,,,
517,,,,,,,,,,,,,,,,,,,,,,,,,,,,
518,,,,,,,,,,,,,,,,,,,,,,,,,,,,
519,,,,,,,,,,,,,,,,,,,,,,,,,,,,
520,,,,,,,,,,,,,,,,,,,,,,,,,,,,
521,,,,,,,,,,,,,,,,,,,,,,,,,,,,
522,,,,,,,,,,,,,,,,,,,,,,,,,,,,
523,,,,,,,,,,,,,,,,,,,,,,,,,,,,
524,,,,,,,,,,,,,,,,,,,,,,,,,,,,
525,,,,,,,,,,,,,,,,,,,,,,,,,,,,
526,,,,,,,,,,,,,,,,,,,,,,,,,,,,
527,,,,,,,,,,,,,,,,,,,,,,,,,,,,
528,,,,,,,,,,,,,,,,,,,,,,,,,,,,
529,,,,,,,,,,,,,,,,,,,,,,,,,,,,
530,,,,,,,,,,,,,,,,,,,,,,,,,,,,
531,,,,,,,,,,,,,,,,,,,,,,,,,,,,
532,,,,,,,,,,,,,,,,,,,,,,,,,,,,
533,,,,,,,,,,,,,,,,,,,,,,,,,,,,
534,,,,,,,,,,,,,,,,,,,,,,,,,,,,
535,,,,,,,,,,,,,,,,,,,,,,,,,,,,
536,,,,,,,,,,,,,,,,,,,,,,,,,,,,
537,,,,,,,,,,,,,,,,,,,,,,,,,,,,
538,,,,,,,,,,,,,,,,,,,,,,,,,,,,
539,,,,,,,,,,,,,,,,,,,,,,,,,,,,
540,,,,,,,,,,,,,,,,,,,,,,,,,,,,
541,,,,,,,,,,,,,,,,,,,,,,,,,,,,
542,,,,,,,,,,,,,,,,,,,,,,,,,,,,
543,,,,,,,,,,,,,,,,,,,,,,,,,,,,
544,,,,,,,,,,,,,,,,,,,,,,,,,,,,
545,,,,,,,,,,,,,,,,,,,,,,,,,,,,
546,,,,,,,,,,,,,,,,,,,,,,,,,,,,
547,,,,,,,,,,,,,,,,,,,,,,,,,,,,
548,,,,,,,,,,,,,,,,,,,,,,,,,,,,
549,,,,,,,,,,,,,,,,,,,,,,,,,,,,
550,,,,,,,,,,,,,,,,,,,,,,,,,,,,
551,,,,,,,,,,,,,,,,,,,,,,,,,,,,
552,,,,,,,,,,,,,,,,,,,,,,,,,,,,
553,,,,,,,,,,,,,,,,,,,,,,,,,,,,
554,,,,,,,,,,,,,,,,,,,,,,,,,,,,
555,,,,,,,,,,,,,,,,,,,,,,,,,,,,
556,,,,,,,,,,,,,,,,,,,,,,,,,,,,
557,,,,,,,,,,,,,,,,,,,,,,,,,,,,
558,,,,,,,,,,,,,,,,,,,,,,,,,,,,
559,,,,,,,,,,,,,,,,,,,,,,,,,,,,
560,,,,,,,,,,,,,,,,,,,,,,,,,,,,
561,,,,,,,,,,,,,,,,,,,,,,,,,,,,
562,,,,,,,,,,,,,,,,,,,,,,,,,,,,
563,,,,,,,,,,,,,,,,,,,,,,,,,,,,
564,,,,,,,,,,,,,,,,,,,,,,,,,,,,
565,,,,,,,,,,,,,,,,,,,,,,,,,,,,
566,,,,,,,,,,,,,,,,,,,,,,,,,,,,
567,,,,,,,,,,,,,,,,,,,,,,,,,,,,
568,,,,,,,,,,,,,,,,,,,,,,,,,,,,
569,,,,,,,,,,,,,,,,,,,,,,,,,,,,
570,,,,,,,,,,,,,,,,,,,,,,,,,,,,
571,,,,,,,,,,,,,,,,,,,,,,,,,,,,
572,,,,,,,,,,,,,,,,,,,,,,,,,,,,
573,,,,,,,,,,,,,,,,,,,,,,,,,,,,
574,,,,,,,,,,,,,,,,,,,,,,,,,,,,
575,,,,,,,,,,,,,,,,,,,,,,,,,,,,
576,,,,,,,,,,,,,,,,,,,,,,,,,,,,
577,,,,,,,,,,,,,,,,,,,,,,,,,,,,
578,,,,,,,,,,,,,,,,,,,,,,,,,,,,
579,,,,,,,,,,,,,,,,,,,,,,,,,,,,
580,,,,,,,,,,,,,,,,,,,,,,,,,,,,
581,,,,,,,,,,,,,,,,,,,,,,,,,,,,
582,,,,,,,,,,,,,,,,,,,,,,,,,,,,
583,,,,,,,,,,,,,,,,,,,,,,,,,,,,
584,,,,,,,,,,,,,,,,,,,,,,,,,,,,
585,,,,,,,,,,,,,,,,,,,,,,,,,,,,
586,,,,,,,,,,,,,,,,,,,,,,,,,,,,
587,,,,,,,,,,,,,,,,,,,,,,,,,,,,
588,,,,,,,,,,,,,,,,,,,,,,,,,,,,
589,,,,,,,,,,,,,,,,,,,,,,,,,,,,
590,,,,,,,,,,,,,,,,,,,,,,,,,,,,
591,,,,,,,,,,,,,,,,,,,,,,,,,,,,
592,,,,,,,,,,,,,,,,,,,,,,,,,,,,
593,,,,,,,,,,,,,,,,,,,,,,,,,,,,
594,,,,,,,,,,,,,,,,,,,,,,,,,,,,
595,,,,,,,,,,,,,,,,,,,,,,,,,,,,
596,,,,,,,,,,,,,,,,,,,,,,,,,,,,
597,,,,,,,,,,,,,,,,,,,,,,,,,,,,
598,,,,,,,,,,,,,,,,,,,,,,,,,,,,
599,,,,,,,,,,,,,,,,,,,,,,,,,,,,
600,,,,,,,,,,,,,,,,,,,,,,,,,,,,
601,,,,,,,,,,,,,,,,,,,,,,,,,,,,
602,,,,,,,,,,,,,,,,,,,,,,,,,,,,
603,,,,,,,,,,,,,,,,,,,,,,,,,,,,
604,,,,,,,,,,,,,,,,,,,,,,,,,,,,
605,,,,,,,,,,,,,,,,,,,,,,,,,,,,
606,,,,,,,,,,,,,,,,,,,,,,,,,,,,
607,,,,,,,,,,,,,,,,,,,,,,,,,,,,
608,,,,,,,,,,,,,,,,,,,,,,,,,,,,
609,,,,,,,,,,,,,,,,,,,,,,,,,,,,
610,,,,,,,,,,,,,,,,,,,,,,,,,,,,
611,,,,,,,,,,,,,,,,,,,,,,,,,,,,
612,,,,,,,,,,,,,,,,,,,,,,,,,,,,
613,,,,,,,,,,,,,,,,,,,,,,,,,,,,
614,,,,,,,,,,,,,,,,,,,,,,,,,,,,
615,,,,,,,,,,,,,,,,,,,,,,,,,,,,
616,,,,,,,,,,,,,,,,,,,,,,,,,,,,
617,,,,,,,,,,,,,,,,,,,,,,,,,,,,
618,,,,,,,,,,,,,,,,,,,,,,,,,,,,
619,,,,,,,,,,,,,,,,,,,,,,,,,,,,
620,,,,,,,,,,,,,,,,,,,,,,,,,,,,
621,,,,,,,,,,,,,,,,,,,,,,,,,,,,
622,,,,,,,,,,,,,,,,,,,,,,,,,,,,
623,,,,,,,,,,,,,,,,,,,,,,,,,,,,
624,,,,,,,,,,,,,,,,,,,,,,,,,,,,
625,,,,,,,,,,,,,,,,,,,,,,,,,,,,
626,,,,,,,,,,,,,,,,,,,,,,,,,,,,
627,,,,,,,,,,,,,,,,,,,,,,,,,,,,
628,,,,,,,,,,,,,,,,,,,,,,,,,,,,
629,,,,,,,,,,,,,,,,,,,,,,,,,,,,
630,,,,,,,,,,,,,,,,,,,,,,,,,,,,
631,,,,,,,,,,,,,,,,,,,,,,,,,,,,
632,,,,,,,,,,,,,,,,,,,,,,,,,,,,
633,,,,,,,,,,,,,,,,,,,,,,,,,,,,
634,,,,,,,,,,,,,,,,,,,,,,,,,,,,
635,,,,,,,,,,,,,,,,,,,,,,,,,,,,
636,,,,,,,,,,,,,,,,,,,,,,,,,,,,
637,,,,,,,,,,,,,,,,,,,,,,,,,,,,
638,,,,,,,,,,,,,,,,,,,,,,,,,,,,
639,,,,,,,,,,,,,,,,,,,,,,,,,,,,
640,,,,,,,,,,,,,,,,,,,,,,,,,,,,
641,,,,,,,,,,,,,,,,,,,,,,,,,,,,
642,,,,,,,,,,,,,,,,,,,,,,,,,,,,
643,,,,,,,,,,,,,,,,,,,,,,,,,,,,
644,,,,,,,,,,,,,,,,,,,,,,,,,,,,
645,,,,,,,,,,,,,,,,,,,,,,,,,,,,
646,,,,,,,,,,,,,,,,,,,,,,,,,,,,
647,,,,,,,,,,,,,,,,,,,,,,,,,,,,
648,,,,,,,,,,,,,,,,,,,,,,,,,,,,
649,,,,,,,,,,,,,,,,,,,,,,,,,,,,
650,,,,,,,,,,,,,,,,,,,,,,,,,,,,
651,,,,,,,,,,,,,,,,,,,,,,,,,,,,
652,,,,,,,,,,,,,,,,,,,,,,,,,,,,
653,,,,,,,,,,,,,,,,,,,,,,,,,,,,
654,,,,,,,,,,,,,,,,,,,,,,,,,,,,
655,,,,,,,,,,,,,,,,,,,,,,,,,,,,
656,,,,,,,,,,,,,,,,,,,,,,,,,,,,
657,,,,,,,,,,,,,,,,,,,,,,,,,,,,
658,,,,,,,,,,,,,,,,,,,,,,,,,,,,
659,,,,,,,,,,,,,,,,,,,,,,,,,,,,
660,,,,,,,,,,,,,,,,,,,,,,,,,,,,
661,,,,,,,,,,,,,,,,,,,,,,,,,,,,
662,,,,,,,,,,,,,,,,,,,,,,,,,,,,
663,,,,,,,,,,,,,,,,,,,,,,,,,,,,
664,,,,,,,,,,,,,,,,,,,,,,,,,,,,
665,,,,,,,,,,,,,,,,,,,,,,,,,,,,
666,,,,,,,,,,,,,,,,,,,,,,,,,,,,
667,,,,,,,,,,,,,,,,,,,,,,,,,,,,
668,,,,,,,,,,,,,,,,,,,,,,,,,,,,
669,,,,,,,,,,,,,,,,,,,,,,,,,,,,
670,,,,,,,,,,,,,,,,,,,,,,,,,,,,
671,,,,,,,,,,,,,,,,,,,,,,,,,,,,
672,,,,,,,,,,,,,,,,,,,,,,,,,,,,
673,,,,,,,,,,,,,,,,,,,,,,,,,,,,
674,,,,,,,,,,,,,,,,,,,,,,,,,,,,
675,,,,,,,,,,,,,,,,,,,,,,,,,,,,
676,,,,,,,,,,,,,,,,,,,,,,,,,,,,
677,,,,,,,,,,,,,,,,,,,,,,,,,,,,
678,,,,,,,,,,,,,,,,,,,,,,,,,,,,
679,,,,,,,,,,,,,,,,,,,,,,,,,,,,
680,,,,,,,,,,,,,,,,,,,,,,,,,,,,
681,,,,,,,,,,,,,,,,,,,,,,,,,,,,
682,,,,,,,,,,,,,,,,,,,,,,,,,,,,
683,,,,,,,,,,,,,,,,,,,,,,,,,,,,
684,,,,,,,,,,,,,,,,,,,,,,,,,,,,
685,,,,,,,,,,,,,,,,,,,,,,,,,,,,
686,,,,,,,,,,,,,,,,,,,,,,,,,,,,
687,,,,,,,,,,,,,,,,,,,,,,,,,,,,
688,,,,,,,,,,,,,,,,,,,,,,,,,,,,
689,,,,,,,,,,,,,,,,,,,,,,,,,,,,
690,,,,,,,,,,,,,,,,,,,,,,,,,,,,
691,,,,,,,,,,,,,,,,,,,,,,,,,,,,
692,,,,,,,,,,,,,,,,,,,,,,,,,,,,
693,,,,,,,,,,,,,,,,,,,,,,,,,,,,
694,,,,,,,,,,,,,,,,,,,,,,,,,,,,
695,,,,,,,,,,,,,,,,,,,,,,,,,,,,
696,,,,,,,,,,,,,,,,,,,,,,,,,,,,
697,,,,,,,,,,,,,,,,,,,,,,,,,,,,
698,,,,,,,,,,,,,,,,,,,,,,,,,,,,
699,,,,,,,,,,,,,,,,,,,,,,,,,,,,
700,,,,,,,,,,,,,,,,,,,,,,,,,,,,
701,,,,,,,,,,,,,,,,,,,,,,,,,,,,
702,,,,,,,,,,,,,,,,,,,,,,,,,,,,
703,,,,,,,,,,,,,,,,,,,,,,,,,,,,
704,,,,,,,,,,,,,,,,,,,,,,,,,,,,
705,,,,,,,,,,,,,,,,,,,,,,,,,,,,
706,,,,,,,,,,,,,,,,,,,,,,,,,,,,
707,,,,,,,,,,,,,,,,,,,,,,,,,,,,
708,,,,,,,,,,,,,,,,,,,,,,,,,,,,
709,,,,,,,,,,,,,,,,,,,,,,,,,,,,
710,,,,,,,,,,,,,,,,,,,,,,,,,,,,
711,,,,,,,,,,,,,,,,,,,,,,,,,,,,
712,,,,,,,,,,,,,,,,,,,,,,,,,,,,
713,,,,,,,,,,,,,,,,,,,,,,,,,,,,
714,,,,,,,,,,,,,,,,,,,,,,,,,,,,
715,,,,,,,,,,,,,,,,,,,,,,,,,,,,
716,,,,,,,,,,,,,,,,,,,,,,,,,,,,
717,,,,,,,,,,,,,,,,,,,,,,,,,,,,
718,,,,,,,,,,,,,,,,,,,,,,,,,,,,
719,,,,,,,,,,,,,,,,,,,,,,,,,,,,
720,,,,,,,,,,,,,,,,,,,,,,,,,,,,
721,,,,,,,,,,,,,,,,,,,,,,,,,,,,
722,,,,,,,,,,,,,,,,,,,,,,,,,,,,
723,,,,,,,,,,,,,,,,,,,,,,,,,,,,
724,,,,,,,,,,,,,,,,,,,,,,,,,,,,
725,,,,,,,,,,,,,,,,,,,,,,,,,,,,
726,,,,,,,,,,,,,,,,,,,,,,,,,,,,
727,,,,,,,,,,,,,,,,,,,,,,,,,,,,
728,,,,,,,,,,,,,,,,,,,,,,,,,,,,
729,,,,,,,,,,,,,,,,,,,,,,,,,,,,
730,,,,,,,,,,,,,,,,,,,,,,,,,,,,
731,,,,,,,,,,,,,,,,,,,,,,,,,,,,
732,,,,,,,,,,,,,,,,,,,,,,,,,,,,
733,,,,,,,,,,,,,,,,,,,,,,,,,,,,
734,,,,,,,,,,,,,,,,,,,,,,,,,,,,
735,,,,,,,,,,,,,,,,,,,,,,,,,,,,
736,,,,,,,,,,,,,,,,,,,,,,,,,,,,
737,,,,,,,,,,,,,,,,,,,,,,,,,,,,
738,,,,,,,,,,,,,,,,,,,,,,,,,,,,
739,,,,,,,,,,,,,,,,,,,,,,,,,,,,
740,,,,,,,,,,,,,,,,,,,,,,,,,,,,
741,,,,,,,,,,,,,,,,,,,,,,,,,,,,
742,,,,,,,,,,,,,,,,,,,,,,,,,,,,
743,,,,,,,,,,,,,,,,,,,,,,,,,,,,
744,,,,,,,,,,,,,,,,,,,,,,,,,,,,
745,,,,,,,,,,,,,,,,,,,,,,,,,,,,
746,,,,,,,,,,,,,,,,,,,,,,,,,,,,
747,,,,,,,,,,,,,,,,,,,,,,,,,,,,
748,,,,,,,,,,,,,,,,,,,,,,,,,,,,
749,,,,,,,,,,,,,,,,,,,,,,,,,,,,
750,,,,,,,,,,,,,,,,,,,,,,,,,,,,
751,,,,,,,,,,,,,,,,,,,,,,,,,,,,
752,,,,,,,,,,,,,,,,,,,,,,,,,,,,
753,,,,,,,,,,,,,,,,,,,,,,,,,,,,
754,,,,,,,,,,,,,,,,,,,,,,,,,,,,
755,,,,,,,,,,,,,,,,,,,,,,,,,,,,
756,,,,,,,,,,,,,,,,,,,,,,,,,,,,
757,,,,,,,,,,,,,,,,,,,,,,,,,,,,
758,,,,,,,,,,,,,,,,,,,,,,,,,,,,
759,,,,,,,,,,,,,,,,,,,,,,,,,,,,
760,,,,,,,,,,,,,,,,,,,,,,,,,,,,
761,,,,,,,,,,,,,,,,,,,,,,,,,,,,
762,,,,,,,,,,,,,,,,,,,,,,,,,,,,
763,,,,,,,,,,,,,,,,,,,,,,,,,,,,
764,,,,,,,,,,,,,,,,,,,,,,,,,,,,
765,,,,,,,,,,,,,,,,,,,,,,,,,,,,
766,,,,,,,,,,,,,,,,,,,,,,,,,,,,
767,,,,,,,,,,,,,,,,,,,,,,,,,,,,
768,,,,,,,,,,,,,,,,,,,,,,,,,,,,
769,,,,,,,,,,,,,,,,,,,,,,,,,,,,
770,,,,,,,,,,,,,,,,,,,,,,,,,,,,
771,,,,,,,,,,,,,,,,,,,,,,,,,,,,
772,,,,,,,,,,,,,,,,,,,,,,,,,,,,
773,,,,,,,,,,,,,,,,,,,,,,,,,,,,
774,,,,,,,,,,,,,,,,,,,,,,,,,,,,
775,,,,,,,,,,,,,,,,,,,,,,,,,,,,
776,,,,,,,,,,,,,,,,,,,,,,,,,,,,
777,,,,,,,,,,,,,,,,,,,,,,,,,,,,
778,,,,,,,,,,,,,,,,,,,,,,,,,,,,
779,,,,,,,,,,,,,,,,,,,,,,,,,,,,
780,,,,,,,,,,,,,,,,,,,,,,,,,,,,
781,,,,,,,,,,,,,,,,,,,,,,,,,,,,
782,,,,,,,,,,,,,,,,,,,,,,,,,,,,
783,,,,,,,,,,,,,,,,,,,,,,,,,,,,
784,,,,,,,,,,,,,,,,,,,,,,,,,,,,
785,,,,,,,,,,,,,,,,,,,,,,,,,,,,
786,,,,,,,,,,,,,,,,,,,,,,,,,,,,
787,,,,,,,,,,,,,,,,,,,,,,,,,,,,
788,,,,,,,,,,,,,,,,,,,,,,,,,,,,
789,,,,,,,,,,,,,,,,,,,,,,,,,,,,
790,,,,,,,,,,,,,,,,,,,,,,,,,,,,
791,,,,,,,,,,,,,,,,,,,,,,,,,,,,
792,,,,,,,,,,,,,,,,,,,,,,,,,,,,
793,,,,,,,,,,,,,,,,,,,,,,,,,,,,
794,,,,,,,,,,,,,,,,,,,,,,,,,,,,
795,,,,,,,,,,,,,,,,,,,,,,,,,,,,
796,,,,,,,,,,,,,,,,,,,,,,,,,,,,
797,,,,,,,,,,,,,,,,,,,,,,,,,,,,
798,,,,,,,,,,,,,,,,,,,,,,,,,,,,
799,,,,,,,,,,,,,,,,,,,,,,,,,,,,
800,,,,,,,,,,,,,,,,,,,,,,,,,,,,
801,,,,,,,,,,,,,,,,,,,,,,,,,,,,
802,,,,,,,,,,,,,,,,,,,,,,,,,,,,
803,,,,,,,,,,,,,,,,,,,,,,,,,,,,
804,,,,,,,,,,,,,,,,,,,,,,,,,,,,
805,,,,,,,,,,,,,,,,,,,,,,,,,,,,
806,,,,,,,,,,,,,,,,,,,,,,,,,,,,
807,,,,,,,,,,,,,,,,,,,,,,,,,,,,
808,,,,,,,,,,,,,,,,,,,,,,,,,,,,
809,,,,,,,,,,,,,,,,,,,,,,,,,,,,
810,,,,,,,,,,,,,,,,,,,,,,,,,,,,
811,,,,,,,,,,,,,,,,,,,,,,,,,,,,
812,,,,,,,,,,,,,,,,,,,,,,,,,,,,
813,,,,,,,,,,,,,,,,,,,,,,,,,,,,
814,,,,,,,,,,,,,,,,,,,,,,,,,,,,
815,,,,,,,,,,,,,,,,,,,,,,,,,,,,
816,,,,,,,,,,,,,,,,,,,,,,,,,,,,
817,,,,,,,,,,,,,,,,,,,,,,,,,,,,
818,,,,,,,,,,,,,,,,,,,,,,,,,,,,
819,,,,,,,,,,,,,,,,,,,,,,,,,,,,
820,,,,,,,,,,,,,,,,,,,,,,,,,,,,
821,,,,,,,,,,,,,,,,,,,,,,,,,,,,
822,,,,,,,,,,,,,,,,,,,,,,,,,,,,
823,,,,,,,,,,,,,,,,,,,,,,,,,,,,
824,,,,,,,,,,,,,,,,,,,,,,,,,,,,
825,,,,,,,,,,,,,,,,,,,,,,,,,,,,
826,,,,,,,,,,,,,,,,,,,,,,,,,,,,
827,,,,,,,,,,,,,,,,,,,,,,,,,,,,
828,,,,,,,,,,,,,,,,,,,,,,,,,,,,
829,,,,,,,,,,,,,,,,,,,,,,,,,,,,
830,,,,,,,,,,,,,,,,,,,,,,,,,,,,
831,,,,,,,,,,,,,,,,,,,,,,,,,,,,
832,,,,,,,,,,,,,,,,,,,,,,,,,,,,
833,,,,,,,,,,,,,,,,,,,,,,,,,,,,
834,,,,,,,,,,,,,,,,,,,,,,,,,,,,
835,,,,,,,,,,,,,,,,,,,,,,,,,,,,
836,,,,,,,,,,,,,,,,,,,,,,,,,,,,
837,,,,,,,,,,,,,,,,,,,,,,,,,,,,
838,,,,,,,,,,,,,,,,,,,,,,,,,,,,
839,,,,,,,,,,,,,,,,,,,,,,,,,,,,
840,,,,,,,,,,,,,,,,,,,,,,,,,,,,
841,,,,,,,,,,,,,,,,,,,,,,,,,,,,
842,,,,,,,,,,,,,,,,,,,,,,,,,,,,
843,,,,,,,,,,,,,,,,,,,,,,,,,,,,
844,,,,,,,,,,,,,,,,,,,,,,,,,,,,
845,,,,,,,,,,,,,,,,,,,,,,,,,,,,
846,,,,,,,,,,,,,,,,,,,,,,,,,,,,
847,,,,,,,,,,,,,,,,,,,,,,,,,,,,
848,,,,,,,,,,,,,,,,,,,,,,,,,,,,
849,,,,,,,,,,,,,,,,,,,,,,,,,,,,
850,,,,,,,,,,,,,,,,,,,,,,,,,,,,
851,,,,,,,,,,,,,,,,,,,,,,,,,,,,
852,,,,,,,,,,,,,,,,,,,,,,,,,,,,
853,,,,,,,,,,,,,,,,,,,,,,,,,,,,
854,,,,,,,,,,,,,,,,,,,,,,,,,,,,
855,,,,,,,,,,,,,,,,,,,,,,,,,,,,
856,,,,,,,,,,,,,,,,,,,,,,,,,,,,
857,,,,,,,,,,,,,,,,,,,,,,,,,,,,
858,,,,,,,,,,,,,,,,,,,,,,,,,,,,
859,,,,,,,,,,,,,,,,,,,,,,,,,,,,
860,,,,,,,,,,,,,,,,,,,,,,,,,,,,
861,,,,,,,,,,,,,,,,,,,,,,,,,,,,
862,,,,,,,,,,,,,,,,,,,,,,,,,,,,
863,,,,,,,,,,,,,,,,,,,,,,,,,,,,
864,,,,,,,,,,,,,,,,,,,,,,,,,,,,
865,,,,,,,,,,,,,,,,,,,,,,,,,,,,
866,,,,,,,,,,,,,,,,,,,,,,,,,,,,
867,,,,,,,,,,,,,,,,,,,,,,,,,,,,
868,,,,,,,,,,,,,,,,,,,,,,,,,,,,
869,,,,,,,,,,,,,,,,,,,,,,,,,,,,
870,,,,,,,,,,,,,,,,,,,,,,,,,,,,
871,,,,,,,,,,,,,,,,,,,,,,,,,,,,
872,,,,,,,,,,,,,,,,,,,,,,,,,,,,
873,,,,,,,,,,,,,,,,,,,,,,,,,,,,
874,,,,,,,,,,,,,,,,,,,,,,,,,,,,
875,,,,,,,,,,,,,,,,,,,,,,,,,,,,
876,,,,,,,,,,,,,,,,,,,,,,,,,,,,
877,,,,,,,,,,,,,,,,,,,,,,,,,,,,
878,,,,,,,,,,,,,,,,,,,,,,,,,,,,
879,,,,,,,,,,,,,,,,,,,,,,,,,,,,
880,,,,,,,,,,,,,,,,,,,,,,,,,,,,
881,,,,,,,,,,,,,,,,,,,,,,,,,,,,
882,,,,,,,,,,,,,,,,,,,,,,,,,,,,
883,,,,,,,,,,,,,,,,,,,,,,,,,,,,
884,,,,,,,,,,,,,,,,,,,,,,,,,,,,
885,,,,,,,,,,,,,,,,,,,,,,,,,,,,
886,,,,,,,,,,,,,,,,,,,,,,,,,,,,
887,,,,,,,,,,,,,,,,,,,,,,,,,,,,
888,,,,,,,,,,,,,,,,,,,,,,,,,,,,
889,,,,,,,,,,,,,,,,,,,,,,,,,,,,
890,,,,,,,,,,,,,,,,,,,,,,,,,,,,
891,,,,,,,,,,,,,,,,,,,,,,,,,,,,
892,,,,,,,,,,,,,,,,,,,,,,,,,,,,
893,,,,,,,,,,,,,,,,,,,,,,,,,,,,
894,,,,,,,,,,,,,,,,,,,,,,,,,,,,
895,,,,,,,,,,,,,,,,,,,,,,,,,,,,
896,,,,,,,,,,,,,,,,,,,,,,,,,,,,
897,,,,,,,,,,,,,,,,,,,,,,,,,,,,
898,,,,,,,,,,,,,,,,,,,,,,,,,,,,
899,,,,,,,,,,,,,,,,,,,,,,,,,,,,
900,,,,,,,,,,,,,,,,,,,,,,,,,,,,
901,,,,,,,,,,,,,,,,,,,,,,,,,,,,
902,,,,,,,,,,,,,,,,,,,,,,,,,,,,
903,,,,,,,,,,,,,,,,,,,,,,,,,,,,
904,,,,,,,,,,,,,,,,,,,,,,,,,,,,
905,,,,,,,,,,,,,,,,,,,,,,,,,,,,
906,,,,,,,,,,,,,,,,,,,,,,,,,,,,
907,,,,,,,,,,,,,,,,,,,,,,,,,,,,
908,,,,,,,,,,,,,,,,,,,,,,,,,,,,
909,,,,,,,,,,,,,,,,,,,,,,,,,,,,
910,,,,,,,,,,,,,,,,,,,,,,,,,,,,
911,,,,,,,,,,,,,,,,,,,,,,,,,,,,
912,,,,,,,,,,,,,,,,,,,,,,,,,,,,
913,,,,,,,,,,,,,,,,,,,,,,,,,,,,
914,,,,,,,,,,,,,,,,,,,,,,,,,,,,
915,,,,,,,,,,,,,,,,,,,,,,,,,,,,
916,,,,,,,,,,,,,,,,,,,,,,,,,,,,
917,,,,,,,,,,,,,,,,,,,,,,,,,,,,
918,,,,,,,,,,,,,,,,,,,,,,,,,,,,
919,,,,,,,,,,,,,,,,,,,,,,,,,,,,
920,,,,,,,,,,,,,,,,,,,,,,,,,,,,
921,,,,,,,,,,,,,,,,,,,,,,,,,,,,
922,,,,,,,,,,,,,,,,,,,,,,,,,,,,
923,,,,,,,,,,,,,,,,,,,,,,,,,,,,
924,,,,,,,,,,,,,,,,,,,,,,,,,,,,
925,,,,,,,,,,,,,,,,,,,,,,,,,,,,
926,,,,,,,,,,,,,,,,,,,,,,,,,,,,
927,,,,,,,,,,,,,,,,,,,,,,,,,,,,
928,,,,,,,,,,,,,,,,,,,,,,,,,,,,
929,,,,,,,,,,,,,,,,,,,,,,,,,,,,
930,,,,,,,,,,,,,,,,,,,,,,,,,,,,
931,,,,,,,,,,,,,,,,,,,,,,,,,,,,
932,,,,,,,,,,,,,,,,,,,,,,,,,,,,
933,,,,,,,,,,,,,,,,,,,,,,,,,,,,
934,,,,,,,,,,,,,,,,,,,,,,,,,,,,
935,,,,,,,,,,,,,,,,,,,,,,,,,,,,
936,,,,,,,,,,,,,,,,,,,,,,,,,,,,
937,,,,,,,,,,,,,,,,,,,,,,,,,,,,
938,,,,,,,,,,,,,,,,,,,,,,,,,,,,
939,,,,,,,,,,,,,,,,,,,,,,,,,,,,
940,,,,,,,,,,,,,,,,,,,,,,,,,,,,
941,,,,,,,,,,,,,,,,,,,,,,,,,,,,
942,,,,,,,,,,,,,,,,,,,,,,,,,,,,
943,,,,,,,,,,,,,,,,,,,,,,,,,,,,
944,,,,,,,,,,,,,,,,,,,,,,,,,,,,
945,,,,,,,,,,,,,,,,,,,,,,,,,,,,
946,,,,,,,,,,,,,,,,,,,,,,,,,,,,
947,,,,,,,,,,,,,,,,,,,,,,,,,,,,
948,,,,,,,,,,,,,,,,,,,,,,,,,,,,
949,,,,,,,,,,,,,,,,,,,,,,,,,,,,
950,,,,,,,,,,,,,,,,,,,,,,,,,,,,
951,,,,,,,,,,,,,,,,,,,,,,,,,,,,
952,,,,,,,,,,,,,,,,,,,,,,,,,,,,
953,,,,,,,,,,,,,,,,,,,,,,,,,,,,
954,,,,,,,,,,,,,,,,,,,,,,,,,,,,
955,,,,,,,,,,,,,,,,,,,,,,,,,,,,
956,,,,,,,,,,,,,,,,,,,,,,,,,,,,
957,,,,,,,,,,,,,,,,,,,,,,,,,,,,
958,,,,,,,,,,,,,,,,,,,,,,,,,,,,
959,,,,,,,,,,,,,,,,,,,,,,,,,,,,
960,,,,,,,,,,,,,,,,,,,,,,,,,,,,
961,,,,,,,,,,,,,,,,,,,,,,,,,,,,
962,,,,,,,,,,,,,,,,,,,,,,,,,,,,
963,,,,,,,,,,,,,,,,,,,,,,,,,,,,
964,,,,,,,,,,,,,,,,,,,,,,,,,,,,
965,,,,,,,,,,,,,,,,,,,,,,,,,,,,
966,,,,,,,,,,,,,,,,,,,,,,,,,,,,
967,,,,,,,,,,,,,,,,,,,,,,,,,,,,
968,,,,,,,,,,,,,,,,,,,,,,,,,,,,
969,,,,,,,,,,,,,,,,,,,,,,,,,,,,
970,,,,,,,,,,,,,,,,,,,,,,,,,,,,
971,,,,,,,,,,,,,,,,,,,,,,,,,,,,
972,,,,,,,,,,,,,,,,,,,,,,,,,,,,
973,,,,,,,,,,,,,,,,,,,,,,,,,,,,
974,,,,,,,,,,,,,,,,,,,,,,,,,,,,
975,,,,,,,,,,,,,,,,,,,,,,,,,,,,
976,,,,,,,,,,,,,,,,,,,,,,,,,,,,
977,,,,,,,,,,,,,,,,,,,,,,,,,,,,
978,,,,,,,,,,,,,,,,,,,,,,,,,,,,
979,,,,,,,,,,,,,,,,,,,,,,,,,,,,
980,,,,,,,,,,,,,,,,,,,,,,,,,,,,
981,,,,,,,,,,,,,,,,,,,,,,,,,,,,
982,,,,,,,,,,,,,,,,,,,,,,,,,,,,
983,,,,,,,,,,,,,,,,,,,,,,,,,,,,
984,,,,,,,,,,,,,,,,,,,,,,,,,,,,
985,,,,,,,,,,,,,,,,,,,,,,,,,,,,
986,,,,,,,,,,,,,,,,,,,,,,,,,,,,
987,,,,,,,,,,,,,,,,,,,,,,,,,,,,
988,,,,,,,,,,,,,,,,,,,,,,,,,,,,
989,,,,,,,,,,,,,,,,,,,,,,,,,,,,